"","Entity","Code","Year","Annual.precipitation"
"1","American Samoa","ASM",1940,2582.8018
"2","American Samoa","ASM",1941,3576.4675
"3","American Samoa","ASM",1942,2255.6248
"4","American Samoa","ASM",1943,1870.6226
"5","American Samoa","ASM",1944,2246.8262
"6","American Samoa","ASM",1945,2193.1218
"7","American Samoa","ASM",1946,2220.7756
"8","American Samoa","ASM",1947,2615.7952
"9","American Samoa","ASM",1948,2426.796
"10","American Samoa","ASM",1949,1878.7852
"11","American Samoa","ASM",1950,1723.4554
"12","American Samoa","ASM",1951,2165.9976
"13","American Samoa","ASM",1952,3165.9106
"14","American Samoa","ASM",1953,2469.2974
"15","American Samoa","ASM",1954,2108.5786
"16","American Samoa","ASM",1955,2222.224
"17","American Samoa","ASM",1956,2043.9377
"18","American Samoa","ASM",1957,3019.8164
"19","American Samoa","ASM",1958,2914.6738
"20","American Samoa","ASM",1959,2841.8828
"21","American Samoa","ASM",1960,2865.3394
"22","American Samoa","ASM",1961,2322.832
"23","American Samoa","ASM",1962,2698.5835
"24","American Samoa","ASM",1963,2214.4165
"25","American Samoa","ASM",1964,2707.5547
"26","American Samoa","ASM",1965,2279.0088
"27","American Samoa","ASM",1966,2309.3567
"28","American Samoa","ASM",1967,2553.0645
"29","American Samoa","ASM",1968,2022.0385
"30","American Samoa","ASM",1969,1769.2441
"31","American Samoa","ASM",1970,2306.5957
"32","American Samoa","ASM",1971,2073.2573
"33","American Samoa","ASM",1972,2277.6355
"34","American Samoa","ASM",1973,3201.0146
"35","American Samoa","ASM",1974,1884.2115
"36","American Samoa","ASM",1975,1974.8878
"37","American Samoa","ASM",1976,2112.7043
"38","American Samoa","ASM",1977,2177.6084
"39","American Samoa","ASM",1978,3180.9512
"40","American Samoa","ASM",1979,1994.833
"41","American Samoa","ASM",1980,2060.4
"42","American Samoa","ASM",1981,2556.7493
"43","American Samoa","ASM",1982,1900.1998
"44","American Samoa","ASM",1983,1703.7296
"45","American Samoa","ASM",1984,2511.9324
"46","American Samoa","ASM",1985,1971.1991
"47","American Samoa","ASM",1986,2517.7173
"48","American Samoa","ASM",1987,1937.6373
"49","American Samoa","ASM",1988,2767.2559
"50","American Samoa","ASM",1989,2145.607
"51","American Samoa","ASM",1990,2257.76
"52","American Samoa","ASM",1991,2357.712
"53","American Samoa","ASM",1992,2198.0105
"54","American Samoa","ASM",1993,2210.2021
"55","American Samoa","ASM",1994,2621.314
"56","American Samoa","ASM",1995,2689.4587
"57","American Samoa","ASM",1996,2670.9329
"58","American Samoa","ASM",1997,2204.8435
"59","American Samoa","ASM",1998,1765.4896
"60","American Samoa","ASM",1999,2487.1692
"61","American Samoa","ASM",2000,2203.249
"62","American Samoa","ASM",2001,2771.803
"63","American Samoa","ASM",2002,2395.4333
"64","American Samoa","ASM",2003,2818.6455
"65","American Samoa","ASM",2004,2282.7883
"66","American Samoa","ASM",2005,2590.8813
"67","American Samoa","ASM",2006,3362.1445
"68","American Samoa","ASM",2007,3327.3755
"69","American Samoa","ASM",2008,2525.9495
"70","American Samoa","ASM",2009,2241.5132
"71","American Samoa","ASM",2010,2727.9854
"72","American Samoa","ASM",2011,2369.8025
"73","American Samoa","ASM",2012,2674.3115
"74","American Samoa","ASM",2013,2718.9216
"75","American Samoa","ASM",2014,2636.4995
"76","American Samoa","ASM",2015,2454.2407
"77","American Samoa","ASM",2016,2685.0376
"78","American Samoa","ASM",2017,2948.183
"79","American Samoa","ASM",2018,2898.1572
"80","American Samoa","ASM",2019,2451.5457
"81","American Samoa","ASM",2020,3319.2883
"82","American Samoa","ASM",2021,2049.9688
"83","American Samoa","ASM",2022,2129.22
"84","American Samoa","ASM",2023,2391.7676
"85","Andorra","AND",1940,899.67535
"86","Andorra","AND",1941,713.31024
"87","Andorra","AND",1942,847.24713
"88","Andorra","AND",1943,953.0392
"89","Andorra","AND",1944,867.1007
"90","Andorra","AND",1945,774.51324
"91","Andorra","AND",1946,857.9197
"92","Andorra","AND",1947,913.88513
"93","Andorra","AND",1948,861.742
"94","Andorra","AND",1949,806.76746
"95","Andorra","AND",1950,826.71545
"96","Andorra","AND",1951,1083.312
"97","Andorra","AND",1952,899.1509
"98","Andorra","AND",1953,776.14496
"99","Andorra","AND",1954,919.44507
"100","Andorra","AND",1955,920.372
"101","Andorra","AND",1956,881.691
"102","Andorra","AND",1957,858.8743
"103","Andorra","AND",1958,895.1311
"104","Andorra","AND",1959,1080.3528
"105","Andorra","AND",1960,1121.4647
"106","Andorra","AND",1961,794.39734
"107","Andorra","AND",1962,932.83655
"108","Andorra","AND",1963,1000.35095
"109","Andorra","AND",1964,849.53595
"110","Andorra","AND",1965,1150.5232
"111","Andorra","AND",1966,983.14856
"112","Andorra","AND",1967,949.58496
"113","Andorra","AND",1968,1013.3991
"114","Andorra","AND",1969,1165.392
"115","Andorra","AND",1970,971.0836
"116","Andorra","AND",1971,1158.1956
"117","Andorra","AND",1972,1277.8959
"118","Andorra","AND",1973,932.4846
"119","Andorra","AND",1974,1148.3335
"120","Andorra","AND",1975,919.08167
"121","Andorra","AND",1976,1035.224
"122","Andorra","AND",1977,1117.4489
"123","Andorra","AND",1978,958.17944
"124","Andorra","AND",1979,1107.8053
"125","Andorra","AND",1980,1077.1694
"126","Andorra","AND",1981,1110.8589
"127","Andorra","AND",1982,1104.4407
"128","Andorra","AND",1983,800.7784
"129","Andorra","AND",1984,936.842
"130","Andorra","AND",1985,888.4335
"131","Andorra","AND",1986,918.169
"132","Andorra","AND",1987,1040.0658
"133","Andorra","AND",1988,866.5905
"134","Andorra","AND",1989,797.4825
"135","Andorra","AND",1990,904.0699
"136","Andorra","AND",1991,841.78827
"137","Andorra","AND",1992,1111.6973
"138","Andorra","AND",1993,845.1414
"139","Andorra","AND",1994,843.5249
"140","Andorra","AND",1995,970.562
"141","Andorra","AND",1996,1216.6423
"142","Andorra","AND",1997,885.68494
"143","Andorra","AND",1998,903.27454
"144","Andorra","AND",1999,912.49274
"145","Andorra","AND",2000,847.94714
"146","Andorra","AND",2001,794.0216
"147","Andorra","AND",2002,1100.8854
"148","Andorra","AND",2003,1122.6177
"149","Andorra","AND",2004,877.53296
"150","Andorra","AND",2005,932.43695
"151","Andorra","AND",2006,760.8566
"152","Andorra","AND",2007,804.677
"153","Andorra","AND",2008,1138.054
"154","Andorra","AND",2009,995.1706
"155","Andorra","AND",2010,977.2682
"156","Andorra","AND",2011,882.8163
"157","Andorra","AND",2012,876.6279
"158","Andorra","AND",2013,1236.5055
"159","Andorra","AND",2014,1093.6527
"160","Andorra","AND",2015,887.8727
"161","Andorra","AND",2016,915.35
"162","Andorra","AND",2017,929.63794
"163","Andorra","AND",2018,1262.7611
"164","Andorra","AND",2019,950.49475
"165","Andorra","AND",2020,1088.4905
"166","Andorra","AND",2021,935.5659
"167","Andorra","AND",2022,867.36487
"168","Andorra","AND",2023,961.77576
"169","Anguilla","AIA",1940,1280.9163
"170","Anguilla","AIA",1941,1236.5475
"171","Anguilla","AIA",1942,1369.401
"172","Anguilla","AIA",1943,835.7687
"173","Anguilla","AIA",1944,902.3819
"174","Anguilla","AIA",1945,1018.77783
"175","Anguilla","AIA",1946,834.4784
"176","Anguilla","AIA",1947,876.2188
"177","Anguilla","AIA",1948,1223.5795
"178","Anguilla","AIA",1949,892.59717
"179","Anguilla","AIA",1950,858.2649
"180","Anguilla","AIA",1951,944.49615
"181","Anguilla","AIA",1952,692.297
"182","Anguilla","AIA",1953,661.1824
"183","Anguilla","AIA",1954,894.515
"184","Anguilla","AIA",1955,831.77563
"185","Anguilla","AIA",1956,648.9668
"186","Anguilla","AIA",1957,693.5415
"187","Anguilla","AIA",1958,821.7907
"188","Anguilla","AIA",1959,662.26575
"189","Anguilla","AIA",1960,868.4816
"190","Anguilla","AIA",1961,934.721
"191","Anguilla","AIA",1962,766.01984
"192","Anguilla","AIA",1963,754.74927
"193","Anguilla","AIA",1964,657.18744
"194","Anguilla","AIA",1965,787.14655
"195","Anguilla","AIA",1966,709.69006
"196","Anguilla","AIA",1967,605.5508
"197","Anguilla","AIA",1968,576.7355
"198","Anguilla","AIA",1969,922.32324
"199","Anguilla","AIA",1970,880.4121
"200","Anguilla","AIA",1971,674.3298
"201","Anguilla","AIA",1972,759.1543
"202","Anguilla","AIA",1973,853.05023
"203","Anguilla","AIA",1974,970.77655
"204","Anguilla","AIA",1975,781.682
"205","Anguilla","AIA",1976,728.11414
"206","Anguilla","AIA",1977,836.59937
"207","Anguilla","AIA",1978,806.56055
"208","Anguilla","AIA",1979,990.4995
"209","Anguilla","AIA",1980,647.3989
"210","Anguilla","AIA",1981,1067.3733
"211","Anguilla","AIA",1982,901.6237
"212","Anguilla","AIA",1983,952.693
"213","Anguilla","AIA",1984,981.8783
"214","Anguilla","AIA",1985,812.9816
"215","Anguilla","AIA",1986,821.9795
"216","Anguilla","AIA",1987,1270.5441
"217","Anguilla","AIA",1988,679.07904
"218","Anguilla","AIA",1989,804.62646
"219","Anguilla","AIA",1990,797.9136
"220","Anguilla","AIA",1991,681.1991
"221","Anguilla","AIA",1992,845.5115
"222","Anguilla","AIA",1993,720.67163
"223","Anguilla","AIA",1994,528.3842
"224","Anguilla","AIA",1995,1013.1168
"225","Anguilla","AIA",1996,980.5508
"226","Anguilla","AIA",1997,794.0216
"227","Anguilla","AIA",1998,995.17346
"228","Anguilla","AIA",1999,1449.1224
"229","Anguilla","AIA",2000,668.23676
"230","Anguilla","AIA",2001,681.1008
"231","Anguilla","AIA",2002,665.8478
"232","Anguilla","AIA",2003,995.43
"233","Anguilla","AIA",2004,1011.5881
"234","Anguilla","AIA",2005,1165.3815
"235","Anguilla","AIA",2006,908.2813
"236","Anguilla","AIA",2007,975.99316
"237","Anguilla","AIA",2008,970.068
"238","Anguilla","AIA",2009,809.4664
"239","Anguilla","AIA",2010,1402.9941
"240","Anguilla","AIA",2011,1269.9395
"241","Anguilla","AIA",2012,895.4325
"242","Anguilla","AIA",2013,947.05774
"243","Anguilla","AIA",2014,939.0221
"244","Anguilla","AIA",2015,585.4416
"245","Anguilla","AIA",2016,940.70435
"246","Anguilla","AIA",2017,1156.1832
"247","Anguilla","AIA",2018,703.6123
"248","Anguilla","AIA",2019,710.78015
"249","Anguilla","AIA",2020,838.1157
"250","Anguilla","AIA",2021,673.8062
"251","Anguilla","AIA",2022,904.4542
"252","Anguilla","AIA",2023,988.83154
"253","Cayman Islands","CYM",1940,655.2792
"254","Cayman Islands","CYM",1941,645.36285
"255","Cayman Islands","CYM",1942,945.65967
"256","Cayman Islands","CYM",1943,828.4397
"257","Cayman Islands","CYM",1944,1337.1973
"258","Cayman Islands","CYM",1945,899.61816
"259","Cayman Islands","CYM",1946,738.1897
"260","Cayman Islands","CYM",1947,763.8741
"261","Cayman Islands","CYM",1948,1250.1907
"262","Cayman Islands","CYM",1949,837.2545
"263","Cayman Islands","CYM",1950,1000.8325
"264","Cayman Islands","CYM",1951,792.3555
"265","Cayman Islands","CYM",1952,959.5327
"266","Cayman Islands","CYM",1953,1089.2697
"267","Cayman Islands","CYM",1954,1034.9807
"268","Cayman Islands","CYM",1955,846.80365
"269","Cayman Islands","CYM",1956,541.3647
"270","Cayman Islands","CYM",1957,826.9482
"271","Cayman Islands","CYM",1958,1131.2676
"272","Cayman Islands","CYM",1959,900.97424
"273","Cayman Islands","CYM",1960,1097.599
"274","Cayman Islands","CYM",1961,1177.4712
"275","Cayman Islands","CYM",1962,751.1444
"276","Cayman Islands","CYM",1963,1002.6398
"277","Cayman Islands","CYM",1964,1349.6284
"278","Cayman Islands","CYM",1965,786.8986
"279","Cayman Islands","CYM",1966,1310.8473
"280","Cayman Islands","CYM",1967,881.86456
"281","Cayman Islands","CYM",1968,1217.3367
"282","Cayman Islands","CYM",1969,1221.4155
"283","Cayman Islands","CYM",1970,1008.996
"284","Cayman Islands","CYM",1971,1098.6814
"285","Cayman Islands","CYM",1972,1183.7301
"286","Cayman Islands","CYM",1973,1025.8064
"287","Cayman Islands","CYM",1974,829.833
"288","Cayman Islands","CYM",1975,749.80927
"289","Cayman Islands","CYM",1976,912.9152
"290","Cayman Islands","CYM",1977,1112.9723
"291","Cayman Islands","CYM",1978,1227.0432
"292","Cayman Islands","CYM",1979,1229.6658
"293","Cayman Islands","CYM",1980,1008.77954
"294","Cayman Islands","CYM",1981,959.21136
"295","Cayman Islands","CYM",1982,763.7758
"296","Cayman Islands","CYM",1983,1021.08575
"297","Cayman Islands","CYM",1984,734.5333
"298","Cayman Islands","CYM",1985,732.3303
"299","Cayman Islands","CYM",1986,819.49615
"300","Cayman Islands","CYM",1987,800.29297
"301","Cayman Islands","CYM",1988,1120.5922
"302","Cayman Islands","CYM",1989,615.9277
"303","Cayman Islands","CYM",1990,949.2569
"304","Cayman Islands","CYM",1991,728.5185
"305","Cayman Islands","CYM",1992,666.9044
"306","Cayman Islands","CYM",1993,947.3209
"307","Cayman Islands","CYM",1994,795.36914
"308","Cayman Islands","CYM",1995,912.99725
"309","Cayman Islands","CYM",1996,1117.9695
"310","Cayman Islands","CYM",1997,678.7128
"311","Cayman Islands","CYM",1998,863.25073
"312","Cayman Islands","CYM",1999,1168.9644
"313","Cayman Islands","CYM",2000,892.6001
"314","Cayman Islands","CYM",2001,967.12683
"315","Cayman Islands","CYM",2002,1417.6826
"316","Cayman Islands","CYM",2003,728.98486
"317","Cayman Islands","CYM",2004,621.9311
"318","Cayman Islands","CYM",2005,1323.8553
"319","Cayman Islands","CYM",2006,935.77954
"320","Cayman Islands","CYM",2007,1185.0233
"321","Cayman Islands","CYM",2008,1230.0072
"322","Cayman Islands","CYM",2009,751.132
"323","Cayman Islands","CYM",2010,1162.9886
"324","Cayman Islands","CYM",2011,1033.2689
"325","Cayman Islands","CYM",2012,1031.7268
"326","Cayman Islands","CYM",2013,908.98895
"327","Cayman Islands","CYM",2014,769.32715
"328","Cayman Islands","CYM",2015,725.32654
"329","Cayman Islands","CYM",2016,745.2488
"330","Cayman Islands","CYM",2017,1195.0198
"331","Cayman Islands","CYM",2018,854.2347
"332","Cayman Islands","CYM",2019,798.0604
"333","Cayman Islands","CYM",2020,1321.9442
"334","Cayman Islands","CYM",2021,781.8546
"335","Cayman Islands","CYM",2022,778.4548
"336","Cayman Islands","CYM",2023,824.77856
"337","Cook Islands","COK",1940,1705.5854
"338","Cook Islands","COK",1941,1463.0833
"339","Cook Islands","COK",1942,2676.4175
"340","Cook Islands","COK",1943,1591.2495
"341","Cook Islands","COK",1944,1376.853
"342","Cook Islands","COK",1945,1630.5361
"343","Cook Islands","COK",1946,1697.1816
"344","Cook Islands","COK",1947,2331.9873
"345","Cook Islands","COK",1948,1855.3925
"346","Cook Islands","COK",1949,1457.0637
"347","Cook Islands","COK",1950,1687.9272
"348","Cook Islands","COK",1951,1974.4625
"349","Cook Islands","COK",1952,1713.7566
"350","Cook Islands","COK",1953,1626.2607
"351","Cook Islands","COK",1954,2285.697
"352","Cook Islands","COK",1955,2242.9255
"353","Cook Islands","COK",1956,1928.5564
"354","Cook Islands","COK",1957,1938.1781
"355","Cook Islands","COK",1958,1408.7782
"356","Cook Islands","COK",1959,2020.0463
"357","Cook Islands","COK",1960,1813.303
"358","Cook Islands","COK",1961,1495.0391
"359","Cook Islands","COK",1962,2205.5664
"360","Cook Islands","COK",1963,1577.0511
"361","Cook Islands","COK",1964,1982.6298
"362","Cook Islands","COK",1965,1754.9886
"363","Cook Islands","COK",1966,1584.6425
"364","Cook Islands","COK",1967,2011.0588
"365","Cook Islands","COK",1968,1706.1272
"366","Cook Islands","COK",1969,1418.0793
"367","Cook Islands","COK",1970,1653.697
"368","Cook Islands","COK",1971,1331.6536
"369","Cook Islands","COK",1972,1458.4875
"370","Cook Islands","COK",1973,1745.0914
"371","Cook Islands","COK",1974,2173.5574
"372","Cook Islands","COK",1975,1509.0732
"373","Cook Islands","COK",1976,1739.4381
"374","Cook Islands","COK",1977,1884.8667
"375","Cook Islands","COK",1978,1964.2449
"376","Cook Islands","COK",1979,1463.3846
"377","Cook Islands","COK",1980,1640.6688
"378","Cook Islands","COK",1981,2166.2598
"379","Cook Islands","COK",1982,1070.8999
"380","Cook Islands","COK",1983,1177.1718
"381","Cook Islands","COK",1984,1644.0983
"382","Cook Islands","COK",1985,1724.535
"383","Cook Islands","COK",1986,1983.5148
"384","Cook Islands","COK",1987,1661.4895
"385","Cook Islands","COK",1988,2356.1782
"386","Cook Islands","COK",1989,1873.1041
"387","Cook Islands","COK",1990,1508.2445
"388","Cook Islands","COK",1991,1717.5265
"389","Cook Islands","COK",1992,1258.8358
"390","Cook Islands","COK",1993,1340.8699
"391","Cook Islands","COK",1994,1709.0293
"392","Cook Islands","COK",1995,1727.0375
"393","Cook Islands","COK",1996,1509.4662
"394","Cook Islands","COK",1997,1349.8975
"395","Cook Islands","COK",1998,1009.0675
"396","Cook Islands","COK",1999,2181.4326
"397","Cook Islands","COK",2000,1664.7777
"398","Cook Islands","COK",2001,1487.2379
"399","Cook Islands","COK",2002,1311.0447
"400","Cook Islands","COK",2003,1986.8469
"401","Cook Islands","COK",2004,1467.7001
"402","Cook Islands","COK",2005,1833.5686
"403","Cook Islands","COK",2006,2286.9302
"404","Cook Islands","COK",2007,1758.5745
"405","Cook Islands","COK",2008,1749.0615
"406","Cook Islands","COK",2009,2003.1843
"407","Cook Islands","COK",2010,1674.9
"408","Cook Islands","COK",2011,1763.3647
"409","Cook Islands","COK",2012,1540.5226
"410","Cook Islands","COK",2013,1119.5508
"411","Cook Islands","COK",2014,1571.8193
"412","Cook Islands","COK",2015,1671.6881
"413","Cook Islands","COK",2016,1619.7319
"414","Cook Islands","COK",2017,1771.5369
"415","Cook Islands","COK",2018,1916.8262
"416","Cook Islands","COK",2019,1756.6681
"417","Cook Islands","COK",2020,1966.0815
"418","Cook Islands","COK",2021,1881.7396
"419","Cook Islands","COK",2022,2037.2
"420","Cook Islands","COK",2023,1746.6365
"421","Falkland Islands","FLK",1940,618.2585
"422","Falkland Islands","FLK",1941,643.5797
"423","Falkland Islands","FLK",1942,616.5722
"424","Falkland Islands","FLK",1943,635.4778
"425","Falkland Islands","FLK",1944,781.41284
"426","Falkland Islands","FLK",1945,662.803
"427","Falkland Islands","FLK",1946,786.5579
"428","Falkland Islands","FLK",1947,694.4586
"429","Falkland Islands","FLK",1948,681.6216
"430","Falkland Islands","FLK",1949,752.3322
"431","Falkland Islands","FLK",1950,707.9109
"432","Falkland Islands","FLK",1951,712.2911
"433","Falkland Islands","FLK",1952,627.72815
"434","Falkland Islands","FLK",1953,733.92365
"435","Falkland Islands","FLK",1954,771.6351
"436","Falkland Islands","FLK",1955,566.9252
"437","Falkland Islands","FLK",1956,672.14734
"438","Falkland Islands","FLK",1957,662.52423
"439","Falkland Islands","FLK",1958,578.2928
"440","Falkland Islands","FLK",1959,669.2052
"441","Falkland Islands","FLK",1960,503.69537
"442","Falkland Islands","FLK",1961,705.89667
"443","Falkland Islands","FLK",1962,516.7937
"444","Falkland Islands","FLK",1963,586.1385
"445","Falkland Islands","FLK",1964,590.84546
"446","Falkland Islands","FLK",1965,577.98615
"447","Falkland Islands","FLK",1966,589.39844
"448","Falkland Islands","FLK",1967,575.0354
"449","Falkland Islands","FLK",1968,570.92865
"450","Falkland Islands","FLK",1969,663.96295
"451","Falkland Islands","FLK",1970,620.65546
"452","Falkland Islands","FLK",1971,642.40234
"453","Falkland Islands","FLK",1972,614.1763
"454","Falkland Islands","FLK",1973,653.2897
"455","Falkland Islands","FLK",1974,605.3251
"456","Falkland Islands","FLK",1975,649.96185
"457","Falkland Islands","FLK",1976,696.69946
"458","Falkland Islands","FLK",1977,607.97906
"459","Falkland Islands","FLK",1978,654.26746
"460","Falkland Islands","FLK",1979,625.7606
"461","Falkland Islands","FLK",1980,795.03723
"462","Falkland Islands","FLK",1981,772.8484
"463","Falkland Islands","FLK",1982,656.8653
"464","Falkland Islands","FLK",1983,585.1006
"465","Falkland Islands","FLK",1984,660.67834
"466","Falkland Islands","FLK",1985,611.5762
"467","Falkland Islands","FLK",1986,632.2404
"468","Falkland Islands","FLK",1987,580.34607
"469","Falkland Islands","FLK",1988,584.463
"470","Falkland Islands","FLK",1989,545.5069
"471","Falkland Islands","FLK",1990,708.9652
"472","Falkland Islands","FLK",1991,589.0467
"473","Falkland Islands","FLK",1992,556.4083
"474","Falkland Islands","FLK",1993,549.3811
"475","Falkland Islands","FLK",1994,589.79596
"476","Falkland Islands","FLK",1995,632.61304
"477","Falkland Islands","FLK",1996,584.7507
"478","Falkland Islands","FLK",1997,725.7841
"479","Falkland Islands","FLK",1998,586.5504
"480","Falkland Islands","FLK",1999,591.37964
"481","Falkland Islands","FLK",2000,734.5978
"482","Falkland Islands","FLK",2001,481.88873
"483","Falkland Islands","FLK",2002,713.4659
"484","Falkland Islands","FLK",2003,761.6281
"485","Falkland Islands","FLK",2004,569.98956
"486","Falkland Islands","FLK",2005,600.6849
"487","Falkland Islands","FLK",2006,691.2159
"488","Falkland Islands","FLK",2007,633.70514
"489","Falkland Islands","FLK",2008,613.0946
"490","Falkland Islands","FLK",2009,747.31506
"491","Falkland Islands","FLK",2010,607.5711
"492","Falkland Islands","FLK",2011,528.94135
"493","Falkland Islands","FLK",2012,627.6923
"494","Falkland Islands","FLK",2013,586.9602
"495","Falkland Islands","FLK",2014,691.0624
"496","Falkland Islands","FLK",2015,652.412
"497","Falkland Islands","FLK",2016,461.88403
"498","Falkland Islands","FLK",2017,706.88074
"499","Falkland Islands","FLK",2018,514.3457
"500","Falkland Islands","FLK",2019,693.60547
"501","Falkland Islands","FLK",2020,612.7192
"502","Falkland Islands","FLK",2021,467.0673
"503","Falkland Islands","FLK",2022,523.4357
"504","Falkland Islands","FLK",2023,555.2366
"505","Faroe Islands","FRO",1940,899.56116
"506","Faroe Islands","FRO",1941,815.08276
"507","Faroe Islands","FRO",1942,1071.3121
"508","Faroe Islands","FRO",1943,1211.3619
"509","Faroe Islands","FRO",1944,1104.2861
"510","Faroe Islands","FRO",1945,968.1116
"511","Faroe Islands","FRO",1946,1022.84485
"512","Faroe Islands","FRO",1947,975.2373
"513","Faroe Islands","FRO",1948,1034.6677
"514","Faroe Islands","FRO",1949,1200.0388
"515","Faroe Islands","FRO",1950,1075.1833
"516","Faroe Islands","FRO",1951,1084.8833
"517","Faroe Islands","FRO",1952,962.4817
"518","Faroe Islands","FRO",1953,1124.2998
"519","Faroe Islands","FRO",1954,1099.9072
"520","Faroe Islands","FRO",1955,839.29694
"521","Faroe Islands","FRO",1956,968.05457
"522","Faroe Islands","FRO",1957,1081.7675
"523","Faroe Islands","FRO",1958,1018.978
"524","Faroe Islands","FRO",1959,1100.4039
"525","Faroe Islands","FRO",1960,965.77234
"526","Faroe Islands","FRO",1961,1012.92737
"527","Faroe Islands","FRO",1962,1121.9049
"528","Faroe Islands","FRO",1963,927.5808
"529","Faroe Islands","FRO",1964,1039.9188
"530","Faroe Islands","FRO",1965,928.63025
"531","Faroe Islands","FRO",1966,1022.09546
"532","Faroe Islands","FRO",1967,1212.2266
"533","Faroe Islands","FRO",1968,906.22266
"534","Faroe Islands","FRO",1969,1030.8921
"535","Faroe Islands","FRO",1970,1064.1475
"536","Faroe Islands","FRO",1971,1129.4111
"537","Faroe Islands","FRO",1972,1072.8707
"538","Faroe Islands","FRO",1973,1081.6538
"539","Faroe Islands","FRO",1974,1091.7157
"540","Faroe Islands","FRO",1975,897.03314
"541","Faroe Islands","FRO",1976,1045.5077
"542","Faroe Islands","FRO",1977,978.9539
"543","Faroe Islands","FRO",1978,991.3285
"544","Faroe Islands","FRO",1979,1161.627
"545","Faroe Islands","FRO",1980,994.45276
"546","Faroe Islands","FRO",1981,1145.7233
"547","Faroe Islands","FRO",1982,1200.184
"548","Faroe Islands","FRO",1983,1103.3469
"549","Faroe Islands","FRO",1984,1042.6921
"550","Faroe Islands","FRO",1985,919.8045
"551","Faroe Islands","FRO",1986,1124.168
"552","Faroe Islands","FRO",1987,985.08124
"553","Faroe Islands","FRO",1988,1085.9897
"554","Faroe Islands","FRO",1989,1047.1664
"555","Faroe Islands","FRO",1990,1125.568
"556","Faroe Islands","FRO",1991,1048.3678
"557","Faroe Islands","FRO",1992,1168.9006
"558","Faroe Islands","FRO",1993,1071.1349
"559","Faroe Islands","FRO",1994,1051.712
"560","Faroe Islands","FRO",1995,1048.2919
"561","Faroe Islands","FRO",1996,997.77203
"562","Faroe Islands","FRO",1997,1098.1613
"563","Faroe Islands","FRO",1998,1163.082
"564","Faroe Islands","FRO",1999,1075.8064
"565","Faroe Islands","FRO",2000,1046.4415
"566","Faroe Islands","FRO",2001,903.5084
"567","Faroe Islands","FRO",2002,945.12415
"568","Faroe Islands","FRO",2003,990.4519
"569","Faroe Islands","FRO",2004,1096.1326
"570","Faroe Islands","FRO",2005,1101.9924
"571","Faroe Islands","FRO",2006,1169.6212
"572","Faroe Islands","FRO",2007,1173.9156
"573","Faroe Islands","FRO",2008,1163.2594
"574","Faroe Islands","FRO",2009,1133.3428
"575","Faroe Islands","FRO",2010,857.0976
"576","Faroe Islands","FRO",2011,1159.9792
"577","Faroe Islands","FRO",2012,1006.38354
"578","Faroe Islands","FRO",2013,1057.6841
"579","Faroe Islands","FRO",2014,1129.427
"580","Faroe Islands","FRO",2015,1342.7386
"581","Faroe Islands","FRO",2016,1012.30005
"582","Faroe Islands","FRO",2017,1058.6404
"583","Faroe Islands","FRO",2018,1011.7626
"584","Faroe Islands","FRO",2019,984.99744
"585","Faroe Islands","FRO",2020,1046.6538
"586","Faroe Islands","FRO",2021,945.3889
"587","Faroe Islands","FRO",2022,1268.6212
"588","Faroe Islands","FRO",2023,1021.8051
"589","French Polynesia","PYF",1940,1821.5249
"590","French Polynesia","PYF",1941,1693.478
"591","French Polynesia","PYF",1942,1653.7751
"592","French Polynesia","PYF",1943,1780.7003
"593","French Polynesia","PYF",1944,1764.7192
"594","French Polynesia","PYF",1945,1042.4778
"595","French Polynesia","PYF",1946,1371.0054
"596","French Polynesia","PYF",1947,1514.064
"597","French Polynesia","PYF",1948,1270.3303
"598","French Polynesia","PYF",1949,1191.903
"599","French Polynesia","PYF",1950,1319.0984
"600","French Polynesia","PYF",1951,1233.4017
"601","French Polynesia","PYF",1952,1603.8162
"602","French Polynesia","PYF",1953,1569.7986
"603","French Polynesia","PYF",1954,1158.3197
"604","French Polynesia","PYF",1955,935.80255
"605","French Polynesia","PYF",1956,1060.5046
"606","French Polynesia","PYF",1957,1214.0394
"607","French Polynesia","PYF",1958,1873.4961
"608","French Polynesia","PYF",1959,1391.6204
"609","French Polynesia","PYF",1960,1434.919
"610","French Polynesia","PYF",1961,1644.8181
"611","French Polynesia","PYF",1962,1570.1294
"612","French Polynesia","PYF",1963,1377.2777
"613","French Polynesia","PYF",1964,1275.1266
"614","French Polynesia","PYF",1965,1575.5488
"615","French Polynesia","PYF",1966,1637.1205
"616","French Polynesia","PYF",1967,2000.095
"617","French Polynesia","PYF",1968,2296.647
"618","French Polynesia","PYF",1969,2182.342
"619","French Polynesia","PYF",1970,2113.3574
"620","French Polynesia","PYF",1971,1755.9968
"621","French Polynesia","PYF",1972,1350.9625
"622","French Polynesia","PYF",1973,1453.9812
"623","French Polynesia","PYF",1974,1663.0173
"624","French Polynesia","PYF",1975,1174.0776
"625","French Polynesia","PYF",1976,1094.8962
"626","French Polynesia","PYF",1977,1511.9136
"627","French Polynesia","PYF",1978,1277.9469
"628","French Polynesia","PYF",1979,1598.0503
"629","French Polynesia","PYF",1980,1702.5144
"630","French Polynesia","PYF",1981,1717.3679
"631","French Polynesia","PYF",1982,1557.2312
"632","French Polynesia","PYF",1983,1771.6086
"633","French Polynesia","PYF",1984,1720.6776
"634","French Polynesia","PYF",1985,1495.3536
"635","French Polynesia","PYF",1986,1370.6552
"636","French Polynesia","PYF",1987,1544.1385
"637","French Polynesia","PYF",1988,1371.801
"638","French Polynesia","PYF",1989,1311.9712
"639","French Polynesia","PYF",1990,1340.8201
"640","French Polynesia","PYF",1991,1322.6768
"641","French Polynesia","PYF",1992,1418.507
"642","French Polynesia","PYF",1993,1342.4216
"643","French Polynesia","PYF",1994,1532.5096
"644","French Polynesia","PYF",1995,1487.6282
"645","French Polynesia","PYF",1996,1350.533
"646","French Polynesia","PYF",1997,1344.7231
"647","French Polynesia","PYF",1998,2051.9958
"648","French Polynesia","PYF",1999,1284.601
"649","French Polynesia","PYF",2000,1568.5428
"650","French Polynesia","PYF",2001,1856.5762
"651","French Polynesia","PYF",2002,1311.1937
"652","French Polynesia","PYF",2003,1486.0837
"653","French Polynesia","PYF",2004,1633.2212
"654","French Polynesia","PYF",2005,1453.813
"655","French Polynesia","PYF",2006,1745.7546
"656","French Polynesia","PYF",2007,2014.8225
"657","French Polynesia","PYF",2008,1310.6833
"658","French Polynesia","PYF",2009,1492.5552
"659","French Polynesia","PYF",2010,1875.1736
"660","French Polynesia","PYF",2011,1061.9048
"661","French Polynesia","PYF",2012,1853.1509
"662","French Polynesia","PYF",2013,1588.6296
"663","French Polynesia","PYF",2014,1890.2539
"664","French Polynesia","PYF",2015,1247.9418
"665","French Polynesia","PYF",2016,2021.1796
"666","French Polynesia","PYF",2017,1741.0173
"667","French Polynesia","PYF",2018,1743.6372
"668","French Polynesia","PYF",2019,1878.3467
"669","French Polynesia","PYF",2020,1488.8502
"670","French Polynesia","PYF",2021,1282.7958
"671","French Polynesia","PYF",2022,1700.4238
"672","French Polynesia","PYF",2023,1913.6799
"673","Greenland","GRL",1940,413.2696
"674","Greenland","GRL",1941,436.396
"675","Greenland","GRL",1942,399.9909
"676","Greenland","GRL",1943,353.96008
"677","Greenland","GRL",1944,417.43155
"678","Greenland","GRL",1945,471.56345
"679","Greenland","GRL",1946,510.4497
"680","Greenland","GRL",1947,400.57324
"681","Greenland","GRL",1948,392.33923
"682","Greenland","GRL",1949,372.83762
"683","Greenland","GRL",1950,356.75455
"684","Greenland","GRL",1951,334.59045
"685","Greenland","GRL",1952,423.60574
"686","Greenland","GRL",1953,412.98682
"687","Greenland","GRL",1954,466.49026
"688","Greenland","GRL",1955,434.127
"689","Greenland","GRL",1956,469.15646
"690","Greenland","GRL",1957,365.52582
"691","Greenland","GRL",1958,397.33582
"692","Greenland","GRL",1959,429.45724
"693","Greenland","GRL",1960,413.35583
"694","Greenland","GRL",1961,406.22766
"695","Greenland","GRL",1962,403.62305
"696","Greenland","GRL",1963,404.6739
"697","Greenland","GRL",1964,473.78772
"698","Greenland","GRL",1965,386.84576
"699","Greenland","GRL",1966,321.07166
"700","Greenland","GRL",1967,412.81445
"701","Greenland","GRL",1968,368.91348
"702","Greenland","GRL",1969,391.94705
"703","Greenland","GRL",1970,419.53543
"704","Greenland","GRL",1971,355.4029
"705","Greenland","GRL",1972,512.8461
"706","Greenland","GRL",1973,393.02588
"707","Greenland","GRL",1974,384.68604
"708","Greenland","GRL",1975,441.0438
"709","Greenland","GRL",1976,519.3385
"710","Greenland","GRL",1977,390.5379
"711","Greenland","GRL",1978,407.89264
"712","Greenland","GRL",1979,383.45795
"713","Greenland","GRL",1980,403.0836
"714","Greenland","GRL",1981,375.1913
"715","Greenland","GRL",1982,368.02148
"716","Greenland","GRL",1983,449.3127
"717","Greenland","GRL",1984,475.57477
"718","Greenland","GRL",1985,385.1228
"719","Greenland","GRL",1986,450.9107
"720","Greenland","GRL",1987,456.49002
"721","Greenland","GRL",1988,408.14185
"722","Greenland","GRL",1989,387.66116
"723","Greenland","GRL",1990,433.84897
"724","Greenland","GRL",1991,435.10028
"725","Greenland","GRL",1992,430.34592
"726","Greenland","GRL",1993,431.85287
"727","Greenland","GRL",1994,385.20493
"728","Greenland","GRL",1995,391.55917
"729","Greenland","GRL",1996,511.6688
"730","Greenland","GRL",1997,469.01312
"731","Greenland","GRL",1998,393.80347
"732","Greenland","GRL",1999,444.7311
"733","Greenland","GRL",2000,437.98724
"734","Greenland","GRL",2001,459.5697
"735","Greenland","GRL",2002,446.8728
"736","Greenland","GRL",2003,468.80978
"737","Greenland","GRL",2004,437.48846
"738","Greenland","GRL",2005,476.2706
"739","Greenland","GRL",2006,387.1384
"740","Greenland","GRL",2007,432.56113
"741","Greenland","GRL",2008,474.61783
"742","Greenland","GRL",2009,355.36768
"743","Greenland","GRL",2010,423.28873
"744","Greenland","GRL",2011,374.6665
"745","Greenland","GRL",2012,445.5561
"746","Greenland","GRL",2013,443.0314
"747","Greenland","GRL",2014,466.67834
"748","Greenland","GRL",2015,414.77036
"749","Greenland","GRL",2016,457.98178
"750","Greenland","GRL",2017,474.97827
"751","Greenland","GRL",2018,460.4187
"752","Greenland","GRL",2019,389.16205
"753","Greenland","GRL",2020,465.66208
"754","Greenland","GRL",2021,475.92148
"755","Greenland","GRL",2022,497.07257
"756","Greenland","GRL",2023,468.54993
"757","Heard Island and McDonald Islands","HMD",1940,1322.5803
"758","Heard Island and McDonald Islands","HMD",1941,1232.4181
"759","Heard Island and McDonald Islands","HMD",1942,1334.114
"760","Heard Island and McDonald Islands","HMD",1943,1195.3983
"761","Heard Island and McDonald Islands","HMD",1944,1200.429
"762","Heard Island and McDonald Islands","HMD",1945,1183.6938
"763","Heard Island and McDonald Islands","HMD",1946,1287.1018
"764","Heard Island and McDonald Islands","HMD",1947,1289.8798
"765","Heard Island and McDonald Islands","HMD",1948,1253.9368
"766","Heard Island and McDonald Islands","HMD",1949,867.4078
"767","Heard Island and McDonald Islands","HMD",1950,941.3681
"768","Heard Island and McDonald Islands","HMD",1951,897.77374
"769","Heard Island and McDonald Islands","HMD",1952,999.10834
"770","Heard Island and McDonald Islands","HMD",1953,1103.1304
"771","Heard Island and McDonald Islands","HMD",1954,1135.3884
"772","Heard Island and McDonald Islands","HMD",1955,1013.84546
"773","Heard Island and McDonald Islands","HMD",1956,1045.9375
"774","Heard Island and McDonald Islands","HMD",1957,1042.1667
"775","Heard Island and McDonald Islands","HMD",1958,1211.5516
"776","Heard Island and McDonald Islands","HMD",1959,1004.83325
"777","Heard Island and McDonald Islands","HMD",1960,1164.3982
"778","Heard Island and McDonald Islands","HMD",1961,1250.431
"779","Heard Island and McDonald Islands","HMD",1962,1145.0691
"780","Heard Island and McDonald Islands","HMD",1963,1122.9858
"781","Heard Island and McDonald Islands","HMD",1964,1140.582
"782","Heard Island and McDonald Islands","HMD",1965,1177.2642
"783","Heard Island and McDonald Islands","HMD",1966,1231.5759
"784","Heard Island and McDonald Islands","HMD",1967,1091.2303
"785","Heard Island and McDonald Islands","HMD",1968,1163.8632
"786","Heard Island and McDonald Islands","HMD",1969,1174.8772
"787","Heard Island and McDonald Islands","HMD",1970,1082.6664
"788","Heard Island and McDonald Islands","HMD",1971,1075.2183
"789","Heard Island and McDonald Islands","HMD",1972,1132.3385
"790","Heard Island and McDonald Islands","HMD",1973,1298.4362
"791","Heard Island and McDonald Islands","HMD",1974,1199.4371
"792","Heard Island and McDonald Islands","HMD",1975,1314.7898
"793","Heard Island and McDonald Islands","HMD",1976,1268.5299
"794","Heard Island and McDonald Islands","HMD",1977,1233.7189
"795","Heard Island and McDonald Islands","HMD",1978,1204.4468
"796","Heard Island and McDonald Islands","HMD",1979,1341.7816
"797","Heard Island and McDonald Islands","HMD",1980,1316.6685
"798","Heard Island and McDonald Islands","HMD",1981,1312.2253
"799","Heard Island and McDonald Islands","HMD",1982,1291.9082
"800","Heard Island and McDonald Islands","HMD",1983,1282.0873
"801","Heard Island and McDonald Islands","HMD",1984,1244.5964
"802","Heard Island and McDonald Islands","HMD",1985,1263.8207
"803","Heard Island and McDonald Islands","HMD",1986,1416.3685
"804","Heard Island and McDonald Islands","HMD",1987,1330.9384
"805","Heard Island and McDonald Islands","HMD",1988,1251.337
"806","Heard Island and McDonald Islands","HMD",1989,1376.296
"807","Heard Island and McDonald Islands","HMD",1990,1368.3529
"808","Heard Island and McDonald Islands","HMD",1991,1372.2344
"809","Heard Island and McDonald Islands","HMD",1992,1339.2764
"810","Heard Island and McDonald Islands","HMD",1993,1374.9332
"811","Heard Island and McDonald Islands","HMD",1994,1375.1316
"812","Heard Island and McDonald Islands","HMD",1995,1348.1255
"813","Heard Island and McDonald Islands","HMD",1996,1061.985
"814","Heard Island and McDonald Islands","HMD",1997,1326.8643
"815","Heard Island and McDonald Islands","HMD",1998,1313.2305
"816","Heard Island and McDonald Islands","HMD",1999,1311.6302
"817","Heard Island and McDonald Islands","HMD",2000,1334.5614
"818","Heard Island and McDonald Islands","HMD",2001,1326.7269
"819","Heard Island and McDonald Islands","HMD",2002,1333.5114
"820","Heard Island and McDonald Islands","HMD",2003,1383.6613
"821","Heard Island and McDonald Islands","HMD",2004,1408.948
"822","Heard Island and McDonald Islands","HMD",2005,1283.9126
"823","Heard Island and McDonald Islands","HMD",2006,1390.3981
"824","Heard Island and McDonald Islands","HMD",2007,1345.7937
"825","Heard Island and McDonald Islands","HMD",2008,1334.8389
"826","Heard Island and McDonald Islands","HMD",2009,1249.977
"827","Heard Island and McDonald Islands","HMD",2010,1438.261
"828","Heard Island and McDonald Islands","HMD",2011,1239.8157
"829","Heard Island and McDonald Islands","HMD",2012,1520.4868
"830","Heard Island and McDonald Islands","HMD",2013,1414.0034
"831","Heard Island and McDonald Islands","HMD",2014,1372.7455
"832","Heard Island and McDonald Islands","HMD",2015,1337.8411
"833","Heard Island and McDonald Islands","HMD",2016,1352.8328
"834","Heard Island and McDonald Islands","HMD",2017,1345.9482
"835","Heard Island and McDonald Islands","HMD",2018,1340.477
"836","Heard Island and McDonald Islands","HMD",2019,1545.4597
"837","Heard Island and McDonald Islands","HMD",2020,1299.6464
"838","Heard Island and McDonald Islands","HMD",2021,1346.5366
"839","Heard Island and McDonald Islands","HMD",2022,1358.5691
"840","Heard Island and McDonald Islands","HMD",2023,1313.8218
"841","Hong Kong","HKG",1940,1307.4216
"842","Hong Kong","HKG",1941,1635.4297
"843","Hong Kong","HKG",1942,1447.1938
"844","Hong Kong","HKG",1943,611.6387
"845","Hong Kong","HKG",1944,1708.305
"846","Hong Kong","HKG",1945,1600.1661
"847","Hong Kong","HKG",1946,869.04065
"848","Hong Kong","HKG",1947,1406.3495
"849","Hong Kong","HKG",1948,1374.9348
"850","Hong Kong","HKG",1949,1225.114
"851","Hong Kong","HKG",1950,1919.0006
"852","Hong Kong","HKG",1951,1568.6356
"853","Hong Kong","HKG",1952,1375.9641
"854","Hong Kong","HKG",1953,1332.876
"855","Hong Kong","HKG",1954,1245.5981
"856","Hong Kong","HKG",1955,1154.2849
"857","Hong Kong","HKG",1956,1070.4852
"858","Hong Kong","HKG",1957,1806.7228
"859","Hong Kong","HKG",1958,1492.3326
"860","Hong Kong","HKG",1959,1651.3348
"861","Hong Kong","HKG",1960,1722.5013
"862","Hong Kong","HKG",1961,2168.533
"863","Hong Kong","HKG",1962,1293.3105
"864","Hong Kong","HKG",1963,1153.6703
"865","Hong Kong","HKG",1964,1936.2239
"866","Hong Kong","HKG",1965,1721.6793
"867","Hong Kong","HKG",1966,1489.8936
"868","Hong Kong","HKG",1967,1487.8214
"869","Hong Kong","HKG",1968,1890.1274
"870","Hong Kong","HKG",1969,1482.6946
"871","Hong Kong","HKG",1970,2335.9705
"872","Hong Kong","HKG",1971,1757.1122
"873","Hong Kong","HKG",1972,2399.1965
"874","Hong Kong","HKG",1973,2676.7593
"875","Hong Kong","HKG",1974,2087.4756
"876","Hong Kong","HKG",1975,2369.2063
"877","Hong Kong","HKG",1976,1910.2123
"878","Hong Kong","HKG",1977,1487.7751
"879","Hong Kong","HKG",1978,2357.4365
"880","Hong Kong","HKG",1979,1815.488
"881","Hong Kong","HKG",1980,1508.6699
"882","Hong Kong","HKG",1981,1709.4669
"883","Hong Kong","HKG",1982,1925.4255
"884","Hong Kong","HKG",1983,2385.0945
"885","Hong Kong","HKG",1984,1719.2712
"886","Hong Kong","HKG",1985,2110.43
"887","Hong Kong","HKG",1986,1983.7742
"888","Hong Kong","HKG",1987,1660.517
"889","Hong Kong","HKG",1988,1630.4781
"890","Hong Kong","HKG",1989,1594.062
"891","Hong Kong","HKG",1990,1879.8099
"892","Hong Kong","HKG",1991,1493.1212
"893","Hong Kong","HKG",1992,1909.6252
"894","Hong Kong","HKG",1993,1883.7134
"895","Hong Kong","HKG",1994,1899.1829
"896","Hong Kong","HKG",1995,1771.4479
"897","Hong Kong","HKG",1996,1708.8525
"898","Hong Kong","HKG",1997,2388.4292
"899","Hong Kong","HKG",1998,1887.2738
"900","Hong Kong","HKG",1999,1725.3728
"901","Hong Kong","HKG",2000,1632.7301
"902","Hong Kong","HKG",2001,1893.044
"903","Hong Kong","HKG",2002,1520.3434
"904","Hong Kong","HKG",2003,1580.0895
"905","Hong Kong","HKG",2004,1238.9542
"906","Hong Kong","HKG",2005,1818.9519
"907","Hong Kong","HKG",2006,1763.0813
"908","Hong Kong","HKG",2007,1422.9286
"909","Hong Kong","HKG",2008,1940.5983
"910","Hong Kong","HKG",2009,1641.9662
"911","Hong Kong","HKG",2010,1799.0453
"912","Hong Kong","HKG",2011,1282.2821
"913","Hong Kong","HKG",2012,1778.5947
"914","Hong Kong","HKG",2013,2043.7815
"915","Hong Kong","HKG",2014,1482.9834
"916","Hong Kong","HKG",2015,1600.388
"917","Hong Kong","HKG",2016,2449.5605
"918","Hong Kong","HKG",2017,1822.6012
"919","Hong Kong","HKG",2018,1846.9948
"920","Hong Kong","HKG",2019,1778.5872
"921","Hong Kong","HKG",2020,1553.1364
"922","Hong Kong","HKG",2021,1856.9762
"923","Hong Kong","HKG",2022,1759.3569
"924","Hong Kong","HKG",2023,2036.1519
"925","Isle of Man","IMN",1940,1025.5957
"926","Isle of Man","IMN",1941,854.06116
"927","Isle of Man","IMN",1942,909.86536
"928","Isle of Man","IMN",1943,903.1935
"929","Isle of Man","IMN",1944,981.2098
"930","Isle of Man","IMN",1945,921.14636
"931","Isle of Man","IMN",1946,847.3492
"932","Isle of Man","IMN",1947,760.8204
"933","Isle of Man","IMN",1948,1038.0116
"934","Isle of Man","IMN",1949,1004.0207
"935","Isle of Man","IMN",1950,1092.0468
"936","Isle of Man","IMN",1951,1148.9973
"937","Isle of Man","IMN",1952,910.55676
"938","Isle of Man","IMN",1953,873.1518
"939","Isle of Man","IMN",1954,1151.4025
"940","Isle of Man","IMN",1955,803.606
"941","Isle of Man","IMN",1956,836.59174
"942","Isle of Man","IMN",1957,994.01855
"943","Isle of Man","IMN",1958,1081.6345
"944","Isle of Man","IMN",1959,905.8495
"945","Isle of Man","IMN",1960,1170.064
"946","Isle of Man","IMN",1961,966.47644
"947","Isle of Man","IMN",1962,858.572
"948","Isle of Man","IMN",1963,803.8807
"949","Isle of Man","IMN",1964,794.48413
"950","Isle of Man","IMN",1965,973.9237
"951","Isle of Man","IMN",1966,1066.1068
"952","Isle of Man","IMN",1967,1103.9276
"953","Isle of Man","IMN",1968,1101.9468
"954","Isle of Man","IMN",1969,948.60266
"955","Isle of Man","IMN",1970,1074.357
"956","Isle of Man","IMN",1971,893.20184
"957","Isle of Man","IMN",1972,1011.2944
"958","Isle of Man","IMN",1973,896.2555
"959","Isle of Man","IMN",1974,1068.2498
"960","Isle of Man","IMN",1975,884.51
"961","Isle of Man","IMN",1976,1034.689
"962","Isle of Man","IMN",1977,1066.2098
"963","Isle of Man","IMN",1978,1058.5051
"964","Isle of Man","IMN",1979,1079.7749
"965","Isle of Man","IMN",1980,1167.9868
"966","Isle of Man","IMN",1981,1236.0859
"967","Isle of Man","IMN",1982,1155.3354
"968","Isle of Man","IMN",1983,968.5087
"969","Isle of Man","IMN",1984,1062.6163
"970","Isle of Man","IMN",1985,1126.0671
"971","Isle of Man","IMN",1986,1081.5372
"972","Isle of Man","IMN",1987,1048.2158
"973","Isle of Man","IMN",1988,1166.277
"974","Isle of Man","IMN",1989,932.04114
"975","Isle of Man","IMN",1990,1039.3792
"976","Isle of Man","IMN",1991,915.7381
"977","Isle of Man","IMN",1992,1023.6931
"978","Isle of Man","IMN",1993,1072.1465
"979","Isle of Man","IMN",1994,1109.0583
"980","Isle of Man","IMN",1995,920.9213
"981","Isle of Man","IMN",1996,972.4045
"982","Isle of Man","IMN",1997,994.03
"983","Isle of Man","IMN",1998,1224.1001
"984","Isle of Man","IMN",1999,1140.7375
"985","Isle of Man","IMN",2000,1294.2572
"986","Isle of Man","IMN",2001,909.65845
"987","Isle of Man","IMN",2002,1256.0195
"988","Isle of Man","IMN",2003,917.45374
"989","Isle of Man","IMN",2004,1044.6644
"990","Isle of Man","IMN",2005,1039.4412
"991","Isle of Man","IMN",2006,1225.0919
"992","Isle of Man","IMN",2007,975.51154
"993","Isle of Man","IMN",2008,1199.6555
"994","Isle of Man","IMN",2009,1165.6017
"995","Isle of Man","IMN",2010,972.65247
"996","Isle of Man","IMN",2011,1076.952
"997","Isle of Man","IMN",2012,1290.9498
"998","Isle of Man","IMN",2013,1032.9094
"999","Isle of Man","IMN",2014,1266.3727
"1000","Isle of Man","IMN",2015,1182.8346
"1001","Isle of Man","IMN",2016,1022.0604
"1002","Isle of Man","IMN",2017,1205.327
"1003","Isle of Man","IMN",2018,1149.5524
"1004","Isle of Man","IMN",2019,1177.8679
"1005","Isle of Man","IMN",2020,1200.0265
"1006","Isle of Man","IMN",2021,1122.0598
"1007","Isle of Man","IMN",2022,1103.242
"1008","Isle of Man","IMN",2023,1334.2028
"1009","Kiribati","KIR",1940,2749.9534
"1010","Kiribati","KIR",1941,2210.7869
"1011","Kiribati","KIR",1942,761.24384
"1012","Kiribati","KIR",1943,662.6158
"1013","Kiribati","KIR",1944,907.01965
"1014","Kiribati","KIR",1945,897.8729
"1015","Kiribati","KIR",1946,557.909
"1016","Kiribati","KIR",1947,720.8796
"1017","Kiribati","KIR",1948,935.72424
"1018","Kiribati","KIR",1949,845.53625
"1019","Kiribati","KIR",1950,508.0757
"1020","Kiribati","KIR",1951,2024.0736
"1021","Kiribati","KIR",1952,863.71515
"1022","Kiribati","KIR",1953,1589.5061
"1023","Kiribati","KIR",1954,399.9815
"1024","Kiribati","KIR",1955,424.36792
"1025","Kiribati","KIR",1956,507.21072
"1026","Kiribati","KIR",1957,2252.0447
"1027","Kiribati","KIR",1958,926.19037
"1028","Kiribati","KIR",1959,939.63245
"1029","Kiribati","KIR",1960,588.0222
"1030","Kiribati","KIR",1961,837.2765
"1031","Kiribati","KIR",1962,415.99847
"1032","Kiribati","KIR",1963,546.8979
"1033","Kiribati","KIR",1964,378.80038
"1034","Kiribati","KIR",1965,2035.8962
"1035","Kiribati","KIR",1966,1573.5044
"1036","Kiribati","KIR",1967,689.5981
"1037","Kiribati","KIR",1968,906.08594
"1038","Kiribati","KIR",1969,1495.9031
"1039","Kiribati","KIR",1970,417.60254
"1040","Kiribati","KIR",1971,418.2558
"1041","Kiribati","KIR",1972,2483.2905
"1042","Kiribati","KIR",1973,1054.3013
"1043","Kiribati","KIR",1974,570.0941
"1044","Kiribati","KIR",1975,461.29132
"1045","Kiribati","KIR",1976,1185.0739
"1046","Kiribati","KIR",1977,638.5174
"1047","Kiribati","KIR",1978,467.03912
"1048","Kiribati","KIR",1979,685.276
"1049","Kiribati","KIR",1980,535.85626
"1050","Kiribati","KIR",1981,350.2121
"1051","Kiribati","KIR",1982,1835.7114
"1052","Kiribati","KIR",1983,1848.444
"1053","Kiribati","KIR",1984,385.9005
"1054","Kiribati","KIR",1985,420.0382
"1055","Kiribati","KIR",1986,692.009
"1056","Kiribati","KIR",1987,2238.9946
"1057","Kiribati","KIR",1988,348.05872
"1058","Kiribati","KIR",1989,415.95172
"1059","Kiribati","KIR",1990,659.3704
"1060","Kiribati","KIR",1991,888.874
"1061","Kiribati","KIR",1992,2039.8359
"1062","Kiribati","KIR",1993,670.86127
"1063","Kiribati","KIR",1994,553.5383
"1064","Kiribati","KIR",1995,465.93665
"1065","Kiribati","KIR",1996,551.12836
"1066","Kiribati","KIR",1997,2669.5652
"1067","Kiribati","KIR",1998,885.8309
"1068","Kiribati","KIR",1999,301.11313
"1069","Kiribati","KIR",2000,415.4682
"1070","Kiribati","KIR",2001,537.6911
"1071","Kiribati","KIR",2002,791.41235
"1072","Kiribati","KIR",2003,883.61743
"1073","Kiribati","KIR",2004,653.84674
"1074","Kiribati","KIR",2005,434.41962
"1075","Kiribati","KIR",2006,688.0703
"1076","Kiribati","KIR",2007,539.5269
"1077","Kiribati","KIR",2008,639.6713
"1078","Kiribati","KIR",2009,835.5665
"1079","Kiribati","KIR",2010,1421.3638
"1080","Kiribati","KIR",2011,560.67944
"1081","Kiribati","KIR",2012,852.17096
"1082","Kiribati","KIR",2013,500.76675
"1083","Kiribati","KIR",2014,687.30927
"1084","Kiribati","KIR",2015,2502.1914
"1085","Kiribati","KIR",2016,1447.546
"1086","Kiribati","KIR",2017,388.2799
"1087","Kiribati","KIR",2018,341.0492
"1088","Kiribati","KIR",2019,1046.7491
"1089","Kiribati","KIR",2020,327.09885
"1090","Kiribati","KIR",2021,539.01575
"1091","Kiribati","KIR",2022,265.53156
"1092","Kiribati","KIR",2023,1139.5674
"1093","Kosovo","OWID_KOS",1940,901.1822
"1094","Kosovo","OWID_KOS",1941,821.3186
"1095","Kosovo","OWID_KOS",1942,733.74225
"1096","Kosovo","OWID_KOS",1943,637.9105
"1097","Kosovo","OWID_KOS",1944,828.7398
"1098","Kosovo","OWID_KOS",1945,655.41956
"1099","Kosovo","OWID_KOS",1946,580.30286
"1100","Kosovo","OWID_KOS",1947,858.38226
"1101","Kosovo","OWID_KOS",1948,704.4512
"1102","Kosovo","OWID_KOS",1949,937.9882
"1103","Kosovo","OWID_KOS",1950,597.1307
"1104","Kosovo","OWID_KOS",1951,713.86615
"1105","Kosovo","OWID_KOS",1952,762.0621
"1106","Kosovo","OWID_KOS",1953,723.2435
"1107","Kosovo","OWID_KOS",1954,899.1154
"1108","Kosovo","OWID_KOS",1955,1060.2878
"1109","Kosovo","OWID_KOS",1956,803.08844
"1110","Kosovo","OWID_KOS",1957,802.22144
"1111","Kosovo","OWID_KOS",1958,753.69305
"1112","Kosovo","OWID_KOS",1959,946.52106
"1113","Kosovo","OWID_KOS",1960,823.7307
"1114","Kosovo","OWID_KOS",1961,629.563
"1115","Kosovo","OWID_KOS",1962,906.8673
"1116","Kosovo","OWID_KOS",1963,955.8701
"1117","Kosovo","OWID_KOS",1964,920.993
"1118","Kosovo","OWID_KOS",1965,726.8161
"1119","Kosovo","OWID_KOS",1966,849.246
"1120","Kosovo","OWID_KOS",1967,825.2914
"1121","Kosovo","OWID_KOS",1968,835.3315
"1122","Kosovo","OWID_KOS",1969,780.6216
"1123","Kosovo","OWID_KOS",1970,893.3766
"1124","Kosovo","OWID_KOS",1971,837.44995
"1125","Kosovo","OWID_KOS",1972,1042.5973
"1126","Kosovo","OWID_KOS",1973,892.09766
"1127","Kosovo","OWID_KOS",1974,893.3778
"1128","Kosovo","OWID_KOS",1975,757.42035
"1129","Kosovo","OWID_KOS",1976,981.18365
"1130","Kosovo","OWID_KOS",1977,697.6834
"1131","Kosovo","OWID_KOS",1978,816.59717
"1132","Kosovo","OWID_KOS",1979,927.21625
"1133","Kosovo","OWID_KOS",1980,860.1425
"1134","Kosovo","OWID_KOS",1981,925.6748
"1135","Kosovo","OWID_KOS",1982,672.29
"1136","Kosovo","OWID_KOS",1983,842.9265
"1137","Kosovo","OWID_KOS",1984,721.16254
"1138","Kosovo","OWID_KOS",1985,810.97565
"1139","Kosovo","OWID_KOS",1986,857.89734
"1140","Kosovo","OWID_KOS",1987,823.3698
"1141","Kosovo","OWID_KOS",1988,734.09595
"1142","Kosovo","OWID_KOS",1989,852.37634
"1143","Kosovo","OWID_KOS",1990,584.26587
"1144","Kosovo","OWID_KOS",1991,719.218
"1145","Kosovo","OWID_KOS",1992,660.9596
"1146","Kosovo","OWID_KOS",1993,659.69745
"1147","Kosovo","OWID_KOS",1994,656.72797
"1148","Kosovo","OWID_KOS",1995,968.3043
"1149","Kosovo","OWID_KOS",1996,929.6133
"1150","Kosovo","OWID_KOS",1997,744.1501
"1151","Kosovo","OWID_KOS",1998,803.05536
"1152","Kosovo","OWID_KOS",1999,912.0778
"1153","Kosovo","OWID_KOS",2000,560.5686
"1154","Kosovo","OWID_KOS",2001,824.49725
"1155","Kosovo","OWID_KOS",2002,851.93054
"1156","Kosovo","OWID_KOS",2003,731.629
"1157","Kosovo","OWID_KOS",2004,949.06635
"1158","Kosovo","OWID_KOS",2005,945.1299
"1159","Kosovo","OWID_KOS",2006,831.57367
"1160","Kosovo","OWID_KOS",2007,808.4507
"1161","Kosovo","OWID_KOS",2008,677.0487
"1162","Kosovo","OWID_KOS",2009,981.3064
"1163","Kosovo","OWID_KOS",2010,929.19946
"1164","Kosovo","OWID_KOS",2011,577.6903
"1165","Kosovo","OWID_KOS",2012,721.279
"1166","Kosovo","OWID_KOS",2013,755.85876
"1167","Kosovo","OWID_KOS",2014,992.3789
"1168","Kosovo","OWID_KOS",2015,772.1577
"1169","Kosovo","OWID_KOS",2016,955.06586
"1170","Kosovo","OWID_KOS",2017,814.7563
"1171","Kosovo","OWID_KOS",2018,986.8442
"1172","Kosovo","OWID_KOS",2019,780.34283
"1173","Kosovo","OWID_KOS",2020,877.96686
"1174","Kosovo","OWID_KOS",2021,971.6153
"1175","Kosovo","OWID_KOS",2022,833.6463
"1176","Kosovo","OWID_KOS",2023,983.1901
"1177","New Caledonia","NCL",1940,744.3871
"1178","New Caledonia","NCL",1941,930.796
"1179","New Caledonia","NCL",1942,1179.1589
"1180","New Caledonia","NCL",1943,1342.2831
"1181","New Caledonia","NCL",1944,756.2286
"1182","New Caledonia","NCL",1945,1759.8186
"1183","New Caledonia","NCL",1946,1384.8008
"1184","New Caledonia","NCL",1947,1338.5175
"1185","New Caledonia","NCL",1948,1593.3456
"1186","New Caledonia","NCL",1949,1202.412
"1187","New Caledonia","NCL",1950,1892.5536
"1188","New Caledonia","NCL",1951,1605.7079
"1189","New Caledonia","NCL",1952,1013.5975
"1190","New Caledonia","NCL",1953,776.319
"1191","New Caledonia","NCL",1954,1329.2343
"1192","New Caledonia","NCL",1955,1400.4329
"1193","New Caledonia","NCL",1956,1603.8687
"1194","New Caledonia","NCL",1957,1103.7201
"1195","New Caledonia","NCL",1958,1115.8931
"1196","New Caledonia","NCL",1959,1504.3702
"1197","New Caledonia","NCL",1960,990.66156
"1198","New Caledonia","NCL",1961,1715.6342
"1199","New Caledonia","NCL",1962,2144.9368
"1200","New Caledonia","NCL",1963,1119.1421
"1201","New Caledonia","NCL",1964,1339.86
"1202","New Caledonia","NCL",1965,1485.2047
"1203","New Caledonia","NCL",1966,1168.3083
"1204","New Caledonia","NCL",1967,2285.436
"1205","New Caledonia","NCL",1968,1066.8794
"1206","New Caledonia","NCL",1969,1521.2073
"1207","New Caledonia","NCL",1970,1370.0308
"1208","New Caledonia","NCL",1971,1568.4417
"1209","New Caledonia","NCL",1972,1616.9639
"1210","New Caledonia","NCL",1973,994.8031
"1211","New Caledonia","NCL",1974,1604.5186
"1212","New Caledonia","NCL",1975,1935.8799
"1213","New Caledonia","NCL",1976,1912.0243
"1214","New Caledonia","NCL",1977,1126.051
"1215","New Caledonia","NCL",1978,1124.744
"1216","New Caledonia","NCL",1979,1285.9701
"1217","New Caledonia","NCL",1980,1188.8271
"1218","New Caledonia","NCL",1981,1391.6768
"1219","New Caledonia","NCL",1982,1266.7146
"1220","New Caledonia","NCL",1983,1047.6172
"1221","New Caledonia","NCL",1984,1506.0447
"1222","New Caledonia","NCL",1985,1646.0646
"1223","New Caledonia","NCL",1986,1308.0231
"1224","New Caledonia","NCL",1987,817.78766
"1225","New Caledonia","NCL",1988,1880.0985
"1226","New Caledonia","NCL",1989,2238.922
"1227","New Caledonia","NCL",1990,1584.7126
"1228","New Caledonia","NCL",1991,1084.7638
"1229","New Caledonia","NCL",1992,1202.4508
"1230","New Caledonia","NCL",1993,735.9794
"1231","New Caledonia","NCL",1994,970.8421
"1232","New Caledonia","NCL",1995,994.6328
"1233","New Caledonia","NCL",1996,1671.5458
"1234","New Caledonia","NCL",1997,1101.4395
"1235","New Caledonia","NCL",1998,1478.8243
"1236","New Caledonia","NCL",1999,2111.4253
"1237","New Caledonia","NCL",2000,1413.0317
"1238","New Caledonia","NCL",2001,1347.0115
"1239","New Caledonia","NCL",2002,1324.5947
"1240","New Caledonia","NCL",2003,1195.1733
"1241","New Caledonia","NCL",2004,1205.3015
"1242","New Caledonia","NCL",2005,1411.5894
"1243","New Caledonia","NCL",2006,1232.4038
"1244","New Caledonia","NCL",2007,1273.2084
"1245","New Caledonia","NCL",2008,1712.2091
"1246","New Caledonia","NCL",2009,1705.7008
"1247","New Caledonia","NCL",2010,1177.519
"1248","New Caledonia","NCL",2011,2105.522
"1249","New Caledonia","NCL",2012,1707.1758
"1250","New Caledonia","NCL",2013,1742.9178
"1251","New Caledonia","NCL",2014,1277.856
"1252","New Caledonia","NCL",2015,1308.5934
"1253","New Caledonia","NCL",2016,1252.3353
"1254","New Caledonia","NCL",2017,1215.4976
"1255","New Caledonia","NCL",2018,1579.821
"1256","New Caledonia","NCL",2019,961.5487
"1257","New Caledonia","NCL",2020,1380.3103
"1258","New Caledonia","NCL",2021,2118.0046
"1259","New Caledonia","NCL",2022,2450.996
"1260","New Caledonia","NCL",2023,1329.9202
"1261","Puerto Rico","PRI",1940,1468.7427
"1262","Puerto Rico","PRI",1941,1505.8372
"1263","Puerto Rico","PRI",1942,1608.2902
"1264","Puerto Rico","PRI",1943,1264.9912
"1265","Puerto Rico","PRI",1944,1198.3116
"1266","Puerto Rico","PRI",1945,1205.2993
"1267","Puerto Rico","PRI",1946,1096.9224
"1268","Puerto Rico","PRI",1947,1109.3594
"1269","Puerto Rico","PRI",1948,1383.2023
"1270","Puerto Rico","PRI",1949,906.5215
"1271","Puerto Rico","PRI",1950,1092.3256
"1272","Puerto Rico","PRI",1951,1116.3756
"1273","Puerto Rico","PRI",1952,1004.97076
"1274","Puerto Rico","PRI",1953,950.7444
"1275","Puerto Rico","PRI",1954,1172.1255
"1276","Puerto Rico","PRI",1955,1117.0251
"1277","Puerto Rico","PRI",1956,975.4055
"1278","Puerto Rico","PRI",1957,839.74304
"1279","Puerto Rico","PRI",1958,1205.8376
"1280","Puerto Rico","PRI",1959,1019.30927
"1281","Puerto Rico","PRI",1960,1151.5027
"1282","Puerto Rico","PRI",1961,1133.61
"1283","Puerto Rico","PRI",1962,909.0242
"1284","Puerto Rico","PRI",1963,1148.7494
"1285","Puerto Rico","PRI",1964,856.3164
"1286","Puerto Rico","PRI",1965,898.6384
"1287","Puerto Rico","PRI",1966,839.00433
"1288","Puerto Rico","PRI",1967,726.05804
"1289","Puerto Rico","PRI",1968,769.1827
"1290","Puerto Rico","PRI",1969,1084.7051
"1291","Puerto Rico","PRI",1970,1286.8217
"1292","Puerto Rico","PRI",1971,862.48975
"1293","Puerto Rico","PRI",1972,1008.51117
"1294","Puerto Rico","PRI",1973,1020.27527
"1295","Puerto Rico","PRI",1974,1199.3433
"1296","Puerto Rico","PRI",1975,969.0695
"1297","Puerto Rico","PRI",1976,847.8066
"1298","Puerto Rico","PRI",1977,1019.32227
"1299","Puerto Rico","PRI",1978,1114.9397
"1300","Puerto Rico","PRI",1979,1658.4785
"1301","Puerto Rico","PRI",1980,1031.2755
"1302","Puerto Rico","PRI",1981,1399.7625
"1303","Puerto Rico","PRI",1982,994.5574
"1304","Puerto Rico","PRI",1983,1180.0233
"1305","Puerto Rico","PRI",1984,1110.7706
"1306","Puerto Rico","PRI",1985,1098.4835
"1307","Puerto Rico","PRI",1986,1224.3098
"1308","Puerto Rico","PRI",1987,1398.2292
"1309","Puerto Rico","PRI",1988,1162.3203
"1310","Puerto Rico","PRI",1989,973.00006
"1311","Puerto Rico","PRI",1990,1050.034
"1312","Puerto Rico","PRI",1991,879.7169
"1313","Puerto Rico","PRI",1992,1201.5632
"1314","Puerto Rico","PRI",1993,1122.8038
"1315","Puerto Rico","PRI",1994,841.5644
"1316","Puerto Rico","PRI",1995,884.51117
"1317","Puerto Rico","PRI",1996,1281.1552
"1318","Puerto Rico","PRI",1997,859.7062
"1319","Puerto Rico","PRI",1998,1451.3777
"1320","Puerto Rico","PRI",1999,1289.3004
"1321","Puerto Rico","PRI",2000,872.98584
"1322","Puerto Rico","PRI",2001,932.9795
"1323","Puerto Rico","PRI",2002,859.7665
"1324","Puerto Rico","PRI",2003,1154.6031
"1325","Puerto Rico","PRI",2004,1111.5479
"1326","Puerto Rico","PRI",2005,1528.479
"1327","Puerto Rico","PRI",2006,1108.0332
"1328","Puerto Rico","PRI",2007,1171.6223
"1329","Puerto Rico","PRI",2008,1279.843
"1330","Puerto Rico","PRI",2009,1006.7707
"1331","Puerto Rico","PRI",2010,1389.1224
"1332","Puerto Rico","PRI",2011,1483.6267
"1333","Puerto Rico","PRI",2012,1119.7947
"1334","Puerto Rico","PRI",2013,1221.3005
"1335","Puerto Rico","PRI",2014,925.57697
"1336","Puerto Rico","PRI",2015,838.63513
"1337","Puerto Rico","PRI",2016,1356.7604
"1338","Puerto Rico","PRI",2017,1455.5612
"1339","Puerto Rico","PRI",2018,983.2719
"1340","Puerto Rico","PRI",2019,947.8781
"1341","Puerto Rico","PRI",2020,1139.5879
"1342","Puerto Rico","PRI",2021,909.4184
"1343","Puerto Rico","PRI",2022,1309.6471
"1344","Puerto Rico","PRI",2023,1059.7195
"1345","Saint Helena, Ascension and Tristan da Cunha","",1940,215.41501
"1346","Saint Helena, Ascension and Tristan da Cunha","",1941,186.36894
"1347","Saint Helena, Ascension and Tristan da Cunha","",1942,152.4992
"1348","Saint Helena, Ascension and Tristan da Cunha","",1943,166.39615
"1349","Saint Helena, Ascension and Tristan da Cunha","",1944,222.29767
"1350","Saint Helena, Ascension and Tristan da Cunha","",1945,202.23904
"1351","Saint Helena, Ascension and Tristan da Cunha","",1946,139.09912
"1352","Saint Helena, Ascension and Tristan da Cunha","",1947,178.51926
"1353","Saint Helena, Ascension and Tristan da Cunha","",1948,191.32042
"1354","Saint Helena, Ascension and Tristan da Cunha","",1949,153.88489
"1355","Saint Helena, Ascension and Tristan da Cunha","",1950,188.48895
"1356","Saint Helena, Ascension and Tristan da Cunha","",1951,158.60748
"1357","Saint Helena, Ascension and Tristan da Cunha","",1952,156.2481
"1358","Saint Helena, Ascension and Tristan da Cunha","",1953,176.27429
"1359","Saint Helena, Ascension and Tristan da Cunha","",1954,164.10352
"1360","Saint Helena, Ascension and Tristan da Cunha","",1955,188.40599
"1361","Saint Helena, Ascension and Tristan da Cunha","",1956,167.44232
"1362","Saint Helena, Ascension and Tristan da Cunha","",1957,200.24203
"1363","Saint Helena, Ascension and Tristan da Cunha","",1958,168.58768
"1364","Saint Helena, Ascension and Tristan da Cunha","",1959,168.21289
"1365","Saint Helena, Ascension and Tristan da Cunha","",1960,174.42131
"1366","Saint Helena, Ascension and Tristan da Cunha","",1961,184.50546
"1367","Saint Helena, Ascension and Tristan da Cunha","",1962,187.40273
"1368","Saint Helena, Ascension and Tristan da Cunha","",1963,195.85991
"1369","Saint Helena, Ascension and Tristan da Cunha","",1964,164.35529
"1370","Saint Helena, Ascension and Tristan da Cunha","",1965,148.25058
"1371","Saint Helena, Ascension and Tristan da Cunha","",1966,173.46764
"1372","Saint Helena, Ascension and Tristan da Cunha","",1967,188.10654
"1373","Saint Helena, Ascension and Tristan da Cunha","",1968,165.47585
"1374","Saint Helena, Ascension and Tristan da Cunha","",1969,171.63373
"1375","Saint Helena, Ascension and Tristan da Cunha","",1970,166.564
"1376","Saint Helena, Ascension and Tristan da Cunha","",1971,153.50723
"1377","Saint Helena, Ascension and Tristan da Cunha","",1972,157.13406
"1378","Saint Helena, Ascension and Tristan da Cunha","",1973,161.75652
"1379","Saint Helena, Ascension and Tristan da Cunha","",1974,191.32709
"1380","Saint Helena, Ascension and Tristan da Cunha","",1975,178.42674
"1381","Saint Helena, Ascension and Tristan da Cunha","",1976,181.31256
"1382","Saint Helena, Ascension and Tristan da Cunha","",1977,199.1787
"1383","Saint Helena, Ascension and Tristan da Cunha","",1978,200.99545
"1384","Saint Helena, Ascension and Tristan da Cunha","",1979,171.39816
"1385","Saint Helena, Ascension and Tristan da Cunha","",1980,174.56245
"1386","Saint Helena, Ascension and Tristan da Cunha","",1981,167.91916
"1387","Saint Helena, Ascension and Tristan da Cunha","",1982,177.24419
"1388","Saint Helena, Ascension and Tristan da Cunha","",1983,153.48529
"1389","Saint Helena, Ascension and Tristan da Cunha","",1984,153.66936
"1390","Saint Helena, Ascension and Tristan da Cunha","",1985,186.61212
"1391","Saint Helena, Ascension and Tristan da Cunha","",1986,179.02565
"1392","Saint Helena, Ascension and Tristan da Cunha","",1987,161.3102
"1393","Saint Helena, Ascension and Tristan da Cunha","",1988,174.89815
"1394","Saint Helena, Ascension and Tristan da Cunha","",1989,182.12604
"1395","Saint Helena, Ascension and Tristan da Cunha","",1990,146.3194
"1396","Saint Helena, Ascension and Tristan da Cunha","",1991,150.10928
"1397","Saint Helena, Ascension and Tristan da Cunha","",1992,150.44594
"1398","Saint Helena, Ascension and Tristan da Cunha","",1993,142.96341
"1399","Saint Helena, Ascension and Tristan da Cunha","",1994,164.06631
"1400","Saint Helena, Ascension and Tristan da Cunha","",1995,149.6582
"1401","Saint Helena, Ascension and Tristan da Cunha","",1996,173.50006
"1402","Saint Helena, Ascension and Tristan da Cunha","",1997,137.54272
"1403","Saint Helena, Ascension and Tristan da Cunha","",1998,141.47758
"1404","Saint Helena, Ascension and Tristan da Cunha","",1999,128.77368
"1405","Saint Helena, Ascension and Tristan da Cunha","",2000,156.8489
"1406","Saint Helena, Ascension and Tristan da Cunha","",2001,180.8815
"1407","Saint Helena, Ascension and Tristan da Cunha","",2002,155.74265
"1408","Saint Helena, Ascension and Tristan da Cunha","",2003,140.30647
"1409","Saint Helena, Ascension and Tristan da Cunha","",2004,152.57454
"1410","Saint Helena, Ascension and Tristan da Cunha","",2005,143.35156
"1411","Saint Helena, Ascension and Tristan da Cunha","",2006,159.22928
"1412","Saint Helena, Ascension and Tristan da Cunha","",2007,149.5018
"1413","Saint Helena, Ascension and Tristan da Cunha","",2008,193.76755
"1414","Saint Helena, Ascension and Tristan da Cunha","",2009,149.41501
"1415","Saint Helena, Ascension and Tristan da Cunha","",2010,152.2274
"1416","Saint Helena, Ascension and Tristan da Cunha","",2011,185.43338
"1417","Saint Helena, Ascension and Tristan da Cunha","",2012,163.21945
"1418","Saint Helena, Ascension and Tristan da Cunha","",2013,146.08574
"1419","Saint Helena, Ascension and Tristan da Cunha","",2014,158.52165
"1420","Saint Helena, Ascension and Tristan da Cunha","",2015,142.48466
"1421","Saint Helena, Ascension and Tristan da Cunha","",2016,150.4898
"1422","Saint Helena, Ascension and Tristan da Cunha","",2017,164.99997
"1423","Saint Helena, Ascension and Tristan da Cunha","",2018,146.1897
"1424","Saint Helena, Ascension and Tristan da Cunha","",2019,116.4217
"1425","Saint Helena, Ascension and Tristan da Cunha","",2020,174.79037
"1426","Saint Helena, Ascension and Tristan da Cunha","",2021,146.72852
"1427","Saint Helena, Ascension and Tristan da Cunha","",2022,172.56355
"1428","Saint Helena, Ascension and Tristan da Cunha","",2023,162.10747
"1429","Saint Vincent and the Grenadines","VCT",1940,1665.5331
"1430","Saint Vincent and the Grenadines","VCT",1941,1725.708
"1431","Saint Vincent and the Grenadines","VCT",1942,1833.6324
"1432","Saint Vincent and the Grenadines","VCT",1943,1222.7755
"1433","Saint Vincent and the Grenadines","VCT",1944,1612.4
"1434","Saint Vincent and the Grenadines","VCT",1945,1346.6053
"1435","Saint Vincent and the Grenadines","VCT",1946,1274.7822
"1436","Saint Vincent and the Grenadines","VCT",1947,1295.6858
"1437","Saint Vincent and the Grenadines","VCT",1948,1865.4785
"1438","Saint Vincent and the Grenadines","VCT",1949,1319.9673
"1439","Saint Vincent and the Grenadines","VCT",1950,1564.2767
"1440","Saint Vincent and the Grenadines","VCT",1951,1542.4852
"1441","Saint Vincent and the Grenadines","VCT",1952,1085.4702
"1442","Saint Vincent and the Grenadines","VCT",1953,1105.1445
"1443","Saint Vincent and the Grenadines","VCT",1954,1287.2697
"1444","Saint Vincent and the Grenadines","VCT",1955,1271.0543
"1445","Saint Vincent and the Grenadines","VCT",1956,1277.1091
"1446","Saint Vincent and the Grenadines","VCT",1957,1215.6086
"1447","Saint Vincent and the Grenadines","VCT",1958,1523.9172
"1448","Saint Vincent and the Grenadines","VCT",1959,1174.2783
"1449","Saint Vincent and the Grenadines","VCT",1960,1350.6747
"1450","Saint Vincent and the Grenadines","VCT",1961,1553.2246
"1451","Saint Vincent and the Grenadines","VCT",1962,1511.8046
"1452","Saint Vincent and the Grenadines","VCT",1963,1429.8801
"1453","Saint Vincent and the Grenadines","VCT",1964,1383.666
"1454","Saint Vincent and the Grenadines","VCT",1965,1051.9819
"1455","Saint Vincent and the Grenadines","VCT",1966,1223.3867
"1456","Saint Vincent and the Grenadines","VCT",1967,890.42664
"1457","Saint Vincent and the Grenadines","VCT",1968,890.67365
"1458","Saint Vincent and the Grenadines","VCT",1969,905.6511
"1459","Saint Vincent and the Grenadines","VCT",1970,970.26825
"1460","Saint Vincent and the Grenadines","VCT",1971,816.0553
"1461","Saint Vincent and the Grenadines","VCT",1972,973.259
"1462","Saint Vincent and the Grenadines","VCT",1973,1140.4076
"1463","Saint Vincent and the Grenadines","VCT",1974,1091.3401
"1464","Saint Vincent and the Grenadines","VCT",1975,1207.8085
"1465","Saint Vincent and the Grenadines","VCT",1976,1026.4663
"1466","Saint Vincent and the Grenadines","VCT",1977,1161.7737
"1467","Saint Vincent and the Grenadines","VCT",1978,1052.8535
"1468","Saint Vincent and the Grenadines","VCT",1979,1194.5286
"1469","Saint Vincent and the Grenadines","VCT",1980,1081.7756
"1470","Saint Vincent and the Grenadines","VCT",1981,1296.9628
"1471","Saint Vincent and the Grenadines","VCT",1982,1067.4429
"1472","Saint Vincent and the Grenadines","VCT",1983,1149.1089
"1473","Saint Vincent and the Grenadines","VCT",1984,1169.2733
"1474","Saint Vincent and the Grenadines","VCT",1985,1166.1672
"1475","Saint Vincent and the Grenadines","VCT",1986,1013.4678
"1476","Saint Vincent and the Grenadines","VCT",1987,1122.6559
"1477","Saint Vincent and the Grenadines","VCT",1988,1425.6001
"1478","Saint Vincent and the Grenadines","VCT",1989,884.05035
"1479","Saint Vincent and the Grenadines","VCT",1990,968.9541
"1480","Saint Vincent and the Grenadines","VCT",1991,1022.63257
"1481","Saint Vincent and the Grenadines","VCT",1992,1141.1143
"1482","Saint Vincent and the Grenadines","VCT",1993,1057.6239
"1483","Saint Vincent and the Grenadines","VCT",1994,937.1328
"1484","Saint Vincent and the Grenadines","VCT",1995,1053.4515
"1485","Saint Vincent and the Grenadines","VCT",1996,1138.0901
"1486","Saint Vincent and the Grenadines","VCT",1997,949.37897
"1487","Saint Vincent and the Grenadines","VCT",1998,1286.746
"1488","Saint Vincent and the Grenadines","VCT",1999,1112.0596
"1489","Saint Vincent and the Grenadines","VCT",2000,1088.6716
"1490","Saint Vincent and the Grenadines","VCT",2001,1056.9
"1491","Saint Vincent and the Grenadines","VCT",2002,1014.62555
"1492","Saint Vincent and the Grenadines","VCT",2003,1116.6992
"1493","Saint Vincent and the Grenadines","VCT",2004,1491.5609
"1494","Saint Vincent and the Grenadines","VCT",2005,1622.3755
"1495","Saint Vincent and the Grenadines","VCT",2006,1165.4644
"1496","Saint Vincent and the Grenadines","VCT",2007,1213.3904
"1497","Saint Vincent and the Grenadines","VCT",2008,1206.8138
"1498","Saint Vincent and the Grenadines","VCT",2009,996.48193
"1499","Saint Vincent and the Grenadines","VCT",2010,1661.3407
"1500","Saint Vincent and the Grenadines","VCT",2011,1597.4836
"1501","Saint Vincent and the Grenadines","VCT",2012,1231.7562
"1502","Saint Vincent and the Grenadines","VCT",2013,1173.2903
"1503","Saint Vincent and the Grenadines","VCT",2014,885.582
"1504","Saint Vincent and the Grenadines","VCT",2015,781.91565
"1505","Saint Vincent and the Grenadines","VCT",2016,1180.7537
"1506","Saint Vincent and the Grenadines","VCT",2017,1375.1278
"1507","Saint Vincent and the Grenadines","VCT",2018,1044.8894
"1508","Saint Vincent and the Grenadines","VCT",2019,907.3515
"1509","Saint Vincent and the Grenadines","VCT",2020,1072.3552
"1510","Saint Vincent and the Grenadines","VCT",2021,876.6985
"1511","Saint Vincent and the Grenadines","VCT",2022,1283.5588
"1512","Saint Vincent and the Grenadines","VCT",2023,1234.4532
"1513","South Georgia and the South Sandwich Islands","SGS",1940,1333.0822
"1514","South Georgia and the South Sandwich Islands","SGS",1941,1513.4098
"1515","South Georgia and the South Sandwich Islands","SGS",1942,1663.4562
"1516","South Georgia and the South Sandwich Islands","SGS",1943,1476.2694
"1517","South Georgia and the South Sandwich Islands","SGS",1944,1339.1172
"1518","South Georgia and the South Sandwich Islands","SGS",1945,1597.0436
"1519","South Georgia and the South Sandwich Islands","SGS",1946,1663.8798
"1520","South Georgia and the South Sandwich Islands","SGS",1947,1583.2899
"1521","South Georgia and the South Sandwich Islands","SGS",1948,1681.5476
"1522","South Georgia and the South Sandwich Islands","SGS",1949,1376.5457
"1523","South Georgia and the South Sandwich Islands","SGS",1950,1449.0354
"1524","South Georgia and the South Sandwich Islands","SGS",1951,1471.3633
"1525","South Georgia and the South Sandwich Islands","SGS",1952,1418.3771
"1526","South Georgia and the South Sandwich Islands","SGS",1953,1484.1737
"1527","South Georgia and the South Sandwich Islands","SGS",1954,1372.8414
"1528","South Georgia and the South Sandwich Islands","SGS",1955,1353.4614
"1529","South Georgia and the South Sandwich Islands","SGS",1956,1435.246
"1530","South Georgia and the South Sandwich Islands","SGS",1957,1438.2223
"1531","South Georgia and the South Sandwich Islands","SGS",1958,1519.5736
"1532","South Georgia and the South Sandwich Islands","SGS",1959,1393.0557
"1533","South Georgia and the South Sandwich Islands","SGS",1960,1394.9171
"1534","South Georgia and the South Sandwich Islands","SGS",1961,1580.1786
"1535","South Georgia and the South Sandwich Islands","SGS",1962,1413.5789
"1536","South Georgia and the South Sandwich Islands","SGS",1963,1534.3857
"1537","South Georgia and the South Sandwich Islands","SGS",1964,1375.0479
"1538","South Georgia and the South Sandwich Islands","SGS",1965,1387.1671
"1539","South Georgia and the South Sandwich Islands","SGS",1966,1364.4395
"1540","South Georgia and the South Sandwich Islands","SGS",1967,1545.237
"1541","South Georgia and the South Sandwich Islands","SGS",1968,1474.6296
"1542","South Georgia and the South Sandwich Islands","SGS",1969,1770.9482
"1543","South Georgia and the South Sandwich Islands","SGS",1970,1406.6102
"1544","South Georgia and the South Sandwich Islands","SGS",1971,1391.5242
"1545","South Georgia and the South Sandwich Islands","SGS",1972,1565.3405
"1546","South Georgia and the South Sandwich Islands","SGS",1973,1596.4274
"1547","South Georgia and the South Sandwich Islands","SGS",1974,1489.0603
"1548","South Georgia and the South Sandwich Islands","SGS",1975,1577.0906
"1549","South Georgia and the South Sandwich Islands","SGS",1976,1534.835
"1550","South Georgia and the South Sandwich Islands","SGS",1977,1479.7795
"1551","South Georgia and the South Sandwich Islands","SGS",1978,1609.2253
"1552","South Georgia and the South Sandwich Islands","SGS",1979,1642.8861
"1553","South Georgia and the South Sandwich Islands","SGS",1980,1669.8367
"1554","South Georgia and the South Sandwich Islands","SGS",1981,1635.1129
"1555","South Georgia and the South Sandwich Islands","SGS",1982,1710.2933
"1556","South Georgia and the South Sandwich Islands","SGS",1983,1603.1958
"1557","South Georgia and the South Sandwich Islands","SGS",1984,1486.7612
"1558","South Georgia and the South Sandwich Islands","SGS",1985,1663.7041
"1559","South Georgia and the South Sandwich Islands","SGS",1986,1784.0079
"1560","South Georgia and the South Sandwich Islands","SGS",1987,1624.3119
"1561","South Georgia and the South Sandwich Islands","SGS",1988,1634.5785
"1562","South Georgia and the South Sandwich Islands","SGS",1989,1712.8806
"1563","South Georgia and the South Sandwich Islands","SGS",1990,1900.1064
"1564","South Georgia and the South Sandwich Islands","SGS",1991,1576.6345
"1565","South Georgia and the South Sandwich Islands","SGS",1992,1546.412
"1566","South Georgia and the South Sandwich Islands","SGS",1993,1654.3428
"1567","South Georgia and the South Sandwich Islands","SGS",1994,1754.1072
"1568","South Georgia and the South Sandwich Islands","SGS",1995,1628.7252
"1569","South Georgia and the South Sandwich Islands","SGS",1996,1835.1342
"1570","South Georgia and the South Sandwich Islands","SGS",1997,1814.0748
"1571","South Georgia and the South Sandwich Islands","SGS",1998,1627.3544
"1572","South Georgia and the South Sandwich Islands","SGS",1999,1635.1312
"1573","South Georgia and the South Sandwich Islands","SGS",2000,1637.8109
"1574","South Georgia and the South Sandwich Islands","SGS",2001,1690.8368
"1575","South Georgia and the South Sandwich Islands","SGS",2002,1762.2495
"1576","South Georgia and the South Sandwich Islands","SGS",2003,1556.3065
"1577","South Georgia and the South Sandwich Islands","SGS",2004,1673.9485
"1578","South Georgia and the South Sandwich Islands","SGS",2005,1719.7926
"1579","South Georgia and the South Sandwich Islands","SGS",2006,1557.3491
"1580","South Georgia and the South Sandwich Islands","SGS",2007,1705.4857
"1581","South Georgia and the South Sandwich Islands","SGS",2008,1682.7279
"1582","South Georgia and the South Sandwich Islands","SGS",2009,1723.8057
"1583","South Georgia and the South Sandwich Islands","SGS",2010,1785.3816
"1584","South Georgia and the South Sandwich Islands","SGS",2011,1863.5599
"1585","South Georgia and the South Sandwich Islands","SGS",2012,1750.4303
"1586","South Georgia and the South Sandwich Islands","SGS",2013,1796.9934
"1587","South Georgia and the South Sandwich Islands","SGS",2014,1714.3811
"1588","South Georgia and the South Sandwich Islands","SGS",2015,1715.6919
"1589","South Georgia and the South Sandwich Islands","SGS",2016,1584.7338
"1590","South Georgia and the South Sandwich Islands","SGS",2017,1879.3969
"1591","South Georgia and the South Sandwich Islands","SGS",2018,1895.5848
"1592","South Georgia and the South Sandwich Islands","SGS",2019,1731.5927
"1593","South Georgia and the South Sandwich Islands","SGS",2020,1548.862
"1594","South Georgia and the South Sandwich Islands","SGS",2021,1600.6713
"1595","South Georgia and the South Sandwich Islands","SGS",2022,1782.492
"1596","South Georgia and the South Sandwich Islands","SGS",2023,1926.102
"1597","United States Virgin Islands","VIR",1940,1437.007
"1598","United States Virgin Islands","VIR",1941,1423.8606
"1599","United States Virgin Islands","VIR",1942,1646.1248
"1600","United States Virgin Islands","VIR",1943,1008.04803
"1601","United States Virgin Islands","VIR",1944,1122.5806
"1602","United States Virgin Islands","VIR",1945,1283.0476
"1603","United States Virgin Islands","VIR",1946,957.8037
"1604","United States Virgin Islands","VIR",1947,936.6398
"1605","United States Virgin Islands","VIR",1948,1368.4635
"1606","United States Virgin Islands","VIR",1949,956.90155
"1607","United States Virgin Islands","VIR",1950,1086.0996
"1608","United States Virgin Islands","VIR",1951,1147.4562
"1609","United States Virgin Islands","VIR",1952,788.78973
"1610","United States Virgin Islands","VIR",1953,708.5056
"1611","United States Virgin Islands","VIR",1954,965.09937
"1612","United States Virgin Islands","VIR",1955,938.78076
"1613","United States Virgin Islands","VIR",1956,803.2055
"1614","United States Virgin Islands","VIR",1957,804.3747
"1615","United States Virgin Islands","VIR",1958,1049.3622
"1616","United States Virgin Islands","VIR",1959,713.974
"1617","United States Virgin Islands","VIR",1960,1058.1637
"1618","United States Virgin Islands","VIR",1961,1046.8578
"1619","United States Virgin Islands","VIR",1962,843.94836
"1620","United States Virgin Islands","VIR",1963,984.53906
"1621","United States Virgin Islands","VIR",1964,885.5524
"1622","United States Virgin Islands","VIR",1965,820.694
"1623","United States Virgin Islands","VIR",1966,791.63837
"1624","United States Virgin Islands","VIR",1967,623.2052
"1625","United States Virgin Islands","VIR",1968,634.7828
"1626","United States Virgin Islands","VIR",1969,1060.1779
"1627","United States Virgin Islands","VIR",1970,1147.48
"1628","United States Virgin Islands","VIR",1971,769.74866
"1629","United States Virgin Islands","VIR",1972,876.7071
"1630","United States Virgin Islands","VIR",1973,936.6989
"1631","United States Virgin Islands","VIR",1974,1196.7449
"1632","United States Virgin Islands","VIR",1975,850.4047
"1633","United States Virgin Islands","VIR",1976,735.61194
"1634","United States Virgin Islands","VIR",1977,946.75446
"1635","United States Virgin Islands","VIR",1978,976.80853
"1636","United States Virgin Islands","VIR",1979,1461.4333
"1637","United States Virgin Islands","VIR",1980,912.30396
"1638","United States Virgin Islands","VIR",1981,1258.5411
"1639","United States Virgin Islands","VIR",1982,1059.1774
"1640","United States Virgin Islands","VIR",1983,1219.4194
"1641","United States Virgin Islands","VIR",1984,1036.7336
"1642","United States Virgin Islands","VIR",1985,968.78625
"1643","United States Virgin Islands","VIR",1986,1066.9213
"1644","United States Virgin Islands","VIR",1987,1394.9242
"1645","United States Virgin Islands","VIR",1988,924.4976
"1646","United States Virgin Islands","VIR",1989,990.4709
"1647","United States Virgin Islands","VIR",1990,880.8699
"1648","United States Virgin Islands","VIR",1991,756.71387
"1649","United States Virgin Islands","VIR",1992,990.3002
"1650","United States Virgin Islands","VIR",1993,915.2927
"1651","United States Virgin Islands","VIR",1994,664.3019
"1652","United States Virgin Islands","VIR",1995,830.2612
"1653","United States Virgin Islands","VIR",1996,1026.7849
"1654","United States Virgin Islands","VIR",1997,848.8846
"1655","United States Virgin Islands","VIR",1998,1329.3152
"1656","United States Virgin Islands","VIR",1999,1229.5055
"1657","United States Virgin Islands","VIR",2000,715.0297
"1658","United States Virgin Islands","VIR",2001,841.1484
"1659","United States Virgin Islands","VIR",2002,690.40106
"1660","United States Virgin Islands","VIR",2003,1165.2146
"1661","United States Virgin Islands","VIR",2004,1327.5585
"1662","United States Virgin Islands","VIR",2005,1360.5842
"1663","United States Virgin Islands","VIR",2006,984.13086
"1664","United States Virgin Islands","VIR",2007,948.10864
"1665","United States Virgin Islands","VIR",2008,1124.9752
"1666","United States Virgin Islands","VIR",2009,1009.2573
"1667","United States Virgin Islands","VIR",2010,1302.9728
"1668","United States Virgin Islands","VIR",2011,1353.406
"1669","United States Virgin Islands","VIR",2012,931.01025
"1670","United States Virgin Islands","VIR",2013,1110.9238
"1671","United States Virgin Islands","VIR",2014,916.1892
"1672","United States Virgin Islands","VIR",2015,623.76025
"1673","United States Virgin Islands","VIR",2016,1091.7473
"1674","United States Virgin Islands","VIR",2017,1212.1849
"1675","United States Virgin Islands","VIR",2018,803.1073
"1676","United States Virgin Islands","VIR",2019,793.375
"1677","United States Virgin Islands","VIR",2020,996.9845
"1678","United States Virgin Islands","VIR",2021,752.1858
"1679","United States Virgin Islands","VIR",2022,1216.2161
"1680","United States Virgin Islands","VIR",2023,961.8673
"1681","Vanuatu","VUT",1940,2236.7153
"1682","Vanuatu","VUT",1941,1437.2875
"1683","Vanuatu","VUT",1942,1462.7223
"1684","Vanuatu","VUT",1943,2676.608
"1685","Vanuatu","VUT",1944,2863.6614
"1686","Vanuatu","VUT",1945,2484.9324
"1687","Vanuatu","VUT",1946,2560.112
"1688","Vanuatu","VUT",1947,2461.3496
"1689","Vanuatu","VUT",1948,3033.6387
"1690","Vanuatu","VUT",1949,2466.1833
"1691","Vanuatu","VUT",1950,3180.6973
"1692","Vanuatu","VUT",1951,2610.4656
"1693","Vanuatu","VUT",1952,2387.6963
"1694","Vanuatu","VUT",1953,2037.6627
"1695","Vanuatu","VUT",1954,2337.8599
"1696","Vanuatu","VUT",1955,2489.872
"1697","Vanuatu","VUT",1956,1943.2031
"1698","Vanuatu","VUT",1957,1973.0441
"1699","Vanuatu","VUT",1958,1600.7313
"1700","Vanuatu","VUT",1959,2501.365
"1701","Vanuatu","VUT",1960,1622.5754
"1702","Vanuatu","VUT",1961,2610.1697
"1703","Vanuatu","VUT",1962,2547.7686
"1704","Vanuatu","VUT",1963,2462.8872
"1705","Vanuatu","VUT",1964,1900.5194
"1706","Vanuatu","VUT",1965,2212.9907
"1707","Vanuatu","VUT",1966,1462.4252
"1708","Vanuatu","VUT",1967,2279.5295
"1709","Vanuatu","VUT",1968,1632.3113
"1710","Vanuatu","VUT",1969,2050.2095
"1711","Vanuatu","VUT",1970,2121.307
"1712","Vanuatu","VUT",1971,2356.371
"1713","Vanuatu","VUT",1972,2507.3506
"1714","Vanuatu","VUT",1973,2066.1423
"1715","Vanuatu","VUT",1974,2395.8142
"1716","Vanuatu","VUT",1975,2934.3975
"1717","Vanuatu","VUT",1976,2491.627
"1718","Vanuatu","VUT",1977,1803.9167
"1719","Vanuatu","VUT",1978,1479.9537
"1720","Vanuatu","VUT",1979,1789.1011
"1721","Vanuatu","VUT",1980,1848.2725
"1722","Vanuatu","VUT",1981,1789.5056
"1723","Vanuatu","VUT",1982,2480.2634
"1724","Vanuatu","VUT",1983,1457.0881
"1725","Vanuatu","VUT",1984,2156.707
"1726","Vanuatu","VUT",1985,2281.3677
"1727","Vanuatu","VUT",1986,2101.3245
"1728","Vanuatu","VUT",1987,1482.6685
"1729","Vanuatu","VUT",1988,3283.4275
"1730","Vanuatu","VUT",1989,2599.2803
"1731","Vanuatu","VUT",1990,1921.1813
"1732","Vanuatu","VUT",1991,2064.653
"1733","Vanuatu","VUT",1992,1559.3413
"1734","Vanuatu","VUT",1993,1410.665
"1735","Vanuatu","VUT",1994,1863.3008
"1736","Vanuatu","VUT",1995,1616.0004
"1737","Vanuatu","VUT",1996,2291.0522
"1738","Vanuatu","VUT",1997,1657.3317
"1739","Vanuatu","VUT",1998,1991.3599
"1740","Vanuatu","VUT",1999,3137.1953
"1741","Vanuatu","VUT",2000,3112.2607
"1742","Vanuatu","VUT",2001,2141.572
"1743","Vanuatu","VUT",2002,2509.1296
"1744","Vanuatu","VUT",2003,1831.8425
"1745","Vanuatu","VUT",2004,1857.8197
"1746","Vanuatu","VUT",2005,1997.7283
"1747","Vanuatu","VUT",2006,2205.3643
"1748","Vanuatu","VUT",2007,2460.9
"1749","Vanuatu","VUT",2008,2626.0444
"1750","Vanuatu","VUT",2009,2435.672
"1751","Vanuatu","VUT",2010,2228.4646
"1752","Vanuatu","VUT",2011,2900.8457
"1753","Vanuatu","VUT",2012,2996.1826
"1754","Vanuatu","VUT",2013,2622.4062
"1755","Vanuatu","VUT",2014,2187.1414
"1756","Vanuatu","VUT",2015,2152.4473
"1757","Vanuatu","VUT",2016,1563.7355
"1758","Vanuatu","VUT",2017,2295.0708
"1759","Vanuatu","VUT",2018,2430.698
"1760","Vanuatu","VUT",2019,2039.2413
"1761","Vanuatu","VUT",2020,2778.1426
"1762","Vanuatu","VUT",2021,2590.586
"1763","Vanuatu","VUT",2022,3368.0757
"1764","Vanuatu","VUT",2023,2481.7207
"1765","World","OWID_WRL",1940,1061.6096
"1766","World","OWID_WRL",1941,1048.8441
"1767","World","OWID_WRL",1942,1038.4497
"1768","World","OWID_WRL",1943,1046.4113
"1769","World","OWID_WRL",1944,1061.9877
"1770","World","OWID_WRL",1945,1070.0869
"1771","World","OWID_WRL",1946,1059.1554
"1772","World","OWID_WRL",1947,1049.1825
"1773","World","OWID_WRL",1948,1038.7593
"1774","World","OWID_WRL",1949,1038.7827
"1775","World","OWID_WRL",1950,1032.782
"1776","World","OWID_WRL",1951,1035.6505
"1777","World","OWID_WRL",1952,1037.1124
"1778","World","OWID_WRL",1953,1041.1052
"1779","World","OWID_WRL",1954,1038.5463
"1780","World","OWID_WRL",1955,1034.8029
"1781","World","OWID_WRL",1956,1028.9681
"1782","World","OWID_WRL",1957,1033.5991
"1783","World","OWID_WRL",1958,1030.3516
"1784","World","OWID_WRL",1959,1032.7169
"1785","World","OWID_WRL",1960,1035.4994
"1786","World","OWID_WRL",1961,1043.8403
"1787","World","OWID_WRL",1962,1032.9768
"1788","World","OWID_WRL",1963,1046.1824
"1789","World","OWID_WRL",1964,1048.8712
"1790","World","OWID_WRL",1965,1047.6154
"1791","World","OWID_WRL",1966,1048.2458
"1792","World","OWID_WRL",1967,1056.9891
"1793","World","OWID_WRL",1968,1054.7954
"1794","World","OWID_WRL",1969,1058.1105
"1795","World","OWID_WRL",1970,1050.1315
"1796","World","OWID_WRL",1971,1046.6223
"1797","World","OWID_WRL",1972,1065.5579
"1798","World","OWID_WRL",1973,1066.5167
"1799","World","OWID_WRL",1974,1053.2218
"1800","World","OWID_WRL",1975,1048.1957
"1801","World","OWID_WRL",1976,1041.0818
"1802","World","OWID_WRL",1977,1046.8508
"1803","World","OWID_WRL",1978,1044.8271
"1804","World","OWID_WRL",1979,1048.1791
"1805","World","OWID_WRL",1980,1064.7465
"1806","World","OWID_WRL",1981,1058.1052
"1807","World","OWID_WRL",1982,1057.9684
"1808","World","OWID_WRL",1983,1061.23
"1809","World","OWID_WRL",1984,1052.1661
"1810","World","OWID_WRL",1985,1049.2887
"1811","World","OWID_WRL",1986,1051.5057
"1812","World","OWID_WRL",1987,1054.6912
"1813","World","OWID_WRL",1988,1053.7886
"1814","World","OWID_WRL",1989,1038.5679
"1815","World","OWID_WRL",1990,1045.5492
"1816","World","OWID_WRL",1991,1038.1543
"1817","World","OWID_WRL",1992,1031.6818
"1818","World","OWID_WRL",1993,1033.7965
"1819","World","OWID_WRL",1994,1036.4825
"1820","World","OWID_WRL",1995,1045.6304
"1821","World","OWID_WRL",1996,1051.2118
"1822","World","OWID_WRL",1997,1057.6815
"1823","World","OWID_WRL",1998,1077.0065
"1824","World","OWID_WRL",1999,1052.6797
"1825","World","OWID_WRL",2000,1071.9323
"1826","World","OWID_WRL",2001,1070.318
"1827","World","OWID_WRL",2002,1072.3181
"1828","World","OWID_WRL",2003,1076.0167
"1829","World","OWID_WRL",2004,1076.4044
"1830","World","OWID_WRL",2005,1070.9519
"1831","World","OWID_WRL",2006,1075.5674
"1832","World","OWID_WRL",2007,1081.1754
"1833","World","OWID_WRL",2008,1077.4894
"1834","World","OWID_WRL",2009,1076.6653
"1835","World","OWID_WRL",2010,1089.3351
"1836","World","OWID_WRL",2011,1079.337
"1837","World","OWID_WRL",2012,1075.3577
"1838","World","OWID_WRL",2013,1078.944
"1839","World","OWID_WRL",2014,1078.8685
"1840","World","OWID_WRL",2015,1083.3408
"1841","World","OWID_WRL",2016,1095.5259
"1842","World","OWID_WRL",2017,1090.0447
"1843","World","OWID_WRL",2018,1084.9327
"1844","World","OWID_WRL",2019,1084.1143
"1845","World","OWID_WRL",2020,1081.4116
"1846","World","OWID_WRL",2021,1066.737
"1847","World","OWID_WRL",2022,1064.1299
"1848","World","OWID_WRL",2023,1056.9631
